
Collecting usage statistics. To deactivate, set browser.gatherUsageStats to false.

2026-06-01 00:51:27.566 Uvicorn server started on 0.0.0.0:8501

  You can now view your Streamlit app in your browser.

  Local URL: http://localhost:8501
  Network URL: http://192.168.0.2:8501
  External URL: http://34.134.215.5:8501

[transformers] Accessing `__path__` from `.models.aria.image_processing_aria`. Returning `__path__` instead. Behavior may be different and this alias will be removed in future versions.
2026-06-01 00:52:38.627 Examining the path of transformers.models.aria.image_processing_aria_fast raised:
Traceback (most recent call last):
  File "/home/jules/.pyenv/versions/3.12.13/lib/python3.12/site-packages/streamlit/watcher/local_sources_watcher.py", line 330, in get_module_paths
    potential_paths = extract_paths(module)
                      ^^^^^^^^^^^^^^^^^^^^^
  File "/home/jules/.pyenv/versions/3.12.13/lib/python3.12/site-packages/streamlit/watcher/local_sources_watcher.py", line 317, in <lambda>
    if hasattr(m, "__path__")
       ^^^^^^^^^^^^^^^^^^^^^^
  File "/home/jules/.pyenv/versions/3.12.13/lib/python3.12/site-packages/transformers/__init__.py", line 843, in _getattr
    return getattr(importlib.import_module(target, __name__), new_name)
                   ^^^^^^^^^^^^^^^^^^^^^^^^^^^^^^^^^^^^^^^^^
  File "/home/jules/.pyenv/versions/3.12.13/lib/python3.12/importlib/__init__.py", line 90, in import_module
    return _bootstrap._gcd_import(name[level:], package, level)
           ^^^^^^^^^^^^^^^^^^^^^^^^^^^^^^^^^^^^^^^^^^^^^^^^^^^^
  File "<frozen importlib._bootstrap>", line 1387, in _gcd_import
  File "<frozen importlib._bootstrap>", line 1360, in _find_and_load
  File "<frozen importlib._bootstrap>", line 1331, in _find_and_load_unlocked
  File "<frozen importlib._bootstrap>", line 935, in _load_unlocked
  File "<frozen importlib._bootstrap_external>", line 999, in exec_module
  File "<frozen importlib._bootstrap>", line 488, in _call_with_frames_removed
  File "/home/jules/.pyenv/versions/3.12.13/lib/python3.12/site-packages/transformers/models/aria/image_processing_aria.py", line 21, in <module>
    from torchvision.transforms.v2 import functional as tvF
ModuleNotFoundError: No module named 'torchvision'
[transformers] Accessing `__path__` from `.models.aria.image_processing_pil_aria`. Returning `__path__` instead. Behavior may be different and this alias will be removed in future versions.
[transformers] Accessing `__path__` from `.models.auto.image_processing_auto`. Returning `__path__` instead. Behavior may be different and this alias will be removed in future versions.
[transformers] Accessing `__path__` from `.models.beit.image_processing_beit`. Returning `__path__` instead. Behavior may be different and this alias will be removed in future versions.
2026-06-01 00:52:38.641 Examining the path of transformers.models.beit.image_processing_beit_fast raised:
Traceback (most recent call last):
  File "/home/jules/.pyenv/versions/3.12.13/lib/python3.12/site-packages/streamlit/watcher/local_sources_watcher.py", line 330, in get_module_paths
    potential_paths = extract_paths(module)
                      ^^^^^^^^^^^^^^^^^^^^^
  File "/home/jules/.pyenv/versions/3.12.13/lib/python3.12/site-packages/streamlit/watcher/local_sources_watcher.py", line 317, in <lambda>
    if hasattr(m, "__path__")
       ^^^^^^^^^^^^^^^^^^^^^^
  File "/home/jules/.pyenv/versions/3.12.13/lib/python3.12/site-packages/transformers/__init__.py", line 843, in _getattr
    return getattr(importlib.import_module(target, __name__), new_name)
                   ^^^^^^^^^^^^^^^^^^^^^^^^^^^^^^^^^^^^^^^^^
  File "/home/jules/.pyenv/versions/3.12.13/lib/python3.12/importlib/__init__.py", line 90, in import_module
    return _bootstrap._gcd_import(name[level:], package, level)
           ^^^^^^^^^^^^^^^^^^^^^^^^^^^^^^^^^^^^^^^^^^^^^^^^^^^^
  File "<frozen importlib._bootstrap>", line 1387, in _gcd_import
  File "<frozen importlib._bootstrap>", line 1360, in _find_and_load
  File "<frozen importlib._bootstrap>", line 1331, in _find_and_load_unlocked
  File "<frozen importlib._bootstrap>", line 935, in _load_unlocked
  File "<frozen importlib._bootstrap_external>", line 999, in exec_module
  File "<frozen importlib._bootstrap>", line 488, in _call_with_frames_removed
  File "/home/jules/.pyenv/versions/3.12.13/lib/python3.12/site-packages/transformers/models/beit/image_processing_beit.py", line 20, in <module>
    from torchvision.transforms.v2 import functional as tvF
ModuleNotFoundError: No module named 'torchvision'
[transformers] Accessing `__path__` from `.models.beit.image_processing_pil_beit`. Returning `__path__` instead. Behavior may be different and this alias will be removed in future versions.
[transformers] Accessing `__path__` from `.models.bit.image_processing_bit`. Returning `__path__` instead. Behavior may be different and this alias will be removed in future versions.
[transformers] Accessing `__path__` from `.models.bit.image_processing_pil_bit`. Returning `__path__` instead. Behavior may be different and this alias will be removed in future versions.
[transformers] Accessing `__path__` from `.models.blip.image_processing_blip`. Returning `__path__` instead. Behavior may be different and this alias will be removed in future versions.
[transformers] Accessing `__path__` from `.models.blip.image_processing_pil_blip`. Returning `__path__` instead. Behavior may be different and this alias will be removed in future versions.
[transformers] Accessing `__path__` from `.models.bridgetower.image_processing_bridgetower`. Returning `__path__` instead. Behavior may be different and this alias will be removed in future versions.
2026-06-01 00:52:38.664 Examining the path of transformers.models.bridgetower.image_processing_bridgetower_fast raised:
Traceback (most recent call last):
  File "/home/jules/.pyenv/versions/3.12.13/lib/python3.12/site-packages/streamlit/watcher/local_sources_watcher.py", line 330, in get_module_paths
    potential_paths = extract_paths(module)
                      ^^^^^^^^^^^^^^^^^^^^^
  File "/home/jules/.pyenv/versions/3.12.13/lib/python3.12/site-packages/streamlit/watcher/local_sources_watcher.py", line 317, in <lambda>
    if hasattr(m, "__path__")
       ^^^^^^^^^^^^^^^^^^^^^^
  File "/home/jules/.pyenv/versions/3.12.13/lib/python3.12/site-packages/transformers/__init__.py", line 843, in _getattr
    return getattr(importlib.import_module(target, __name__), new_name)
                   ^^^^^^^^^^^^^^^^^^^^^^^^^^^^^^^^^^^^^^^^^
  File "/home/jules/.pyenv/versions/3.12.13/lib/python3.12/importlib/__init__.py", line 90, in import_module
    return _bootstrap._gcd_import(name[level:], package, level)
           ^^^^^^^^^^^^^^^^^^^^^^^^^^^^^^^^^^^^^^^^^^^^^^^^^^^^
  File "<frozen importlib._bootstrap>", line 1387, in _gcd_import
  File "<frozen importlib._bootstrap>", line 1360, in _find_and_load
  File "<frozen importlib._bootstrap>", line 1331, in _find_and_load_unlocked
  File "<frozen importlib._bootstrap>", line 935, in _load_unlocked
  File "<frozen importlib._bootstrap_external>", line 999, in exec_module
  File "<frozen importlib._bootstrap>", line 488, in _call_with_frames_removed
  File "/home/jules/.pyenv/versions/3.12.13/lib/python3.12/site-packages/transformers/models/bridgetower/image_processing_bridgetower.py", line 20, in <module>
    from torchvision.transforms.v2 import functional as tvF
ModuleNotFoundError: No module named 'torchvision'
[transformers] Accessing `__path__` from `.models.bridgetower.image_processing_pil_bridgetower`. Returning `__path__` instead. Behavior may be different and this alias will be removed in future versions.
[transformers] Accessing `__path__` from `.models.chameleon.image_processing_chameleon`. Returning `__path__` instead. Behavior may be different and this alias will be removed in future versions.
2026-06-01 00:52:38.670 Examining the path of transformers.models.chameleon.image_processing_chameleon_fast raised:
Traceback (most recent call last):
  File "/home/jules/.pyenv/versions/3.12.13/lib/python3.12/site-packages/streamlit/watcher/local_sources_watcher.py", line 330, in get_module_paths
    potential_paths = extract_paths(module)
                      ^^^^^^^^^^^^^^^^^^^^^
  File "/home/jules/.pyenv/versions/3.12.13/lib/python3.12/site-packages/streamlit/watcher/local_sources_watcher.py", line 317, in <lambda>
    if hasattr(m, "__path__")
       ^^^^^^^^^^^^^^^^^^^^^^
  File "/home/jules/.pyenv/versions/3.12.13/lib/python3.12/site-packages/transformers/__init__.py", line 843, in _getattr
    return getattr(importlib.import_module(target, __name__), new_name)
                   ^^^^^^^^^^^^^^^^^^^^^^^^^^^^^^^^^^^^^^^^^
  File "/home/jules/.pyenv/versions/3.12.13/lib/python3.12/importlib/__init__.py", line 90, in import_module
    return _bootstrap._gcd_import(name[level:], package, level)
           ^^^^^^^^^^^^^^^^^^^^^^^^^^^^^^^^^^^^^^^^^^^^^^^^^^^^
  File "<frozen importlib._bootstrap>", line 1387, in _gcd_import
  File "<frozen importlib._bootstrap>", line 1360, in _find_and_load
  File "<frozen importlib._bootstrap>", line 1331, in _find_and_load_unlocked
  File "<frozen importlib._bootstrap>", line 935, in _load_unlocked
  File "<frozen importlib._bootstrap_external>", line 999, in exec_module
  File "<frozen importlib._bootstrap>", line 488, in _call_with_frames_removed
  File "/home/jules/.pyenv/versions/3.12.13/lib/python3.12/site-packages/transformers/models/chameleon/image_processing_chameleon.py", line 19, in <module>
    from torchvision.transforms.v2 import functional as tvF
ModuleNotFoundError: No module named 'torchvision'
[transformers] Accessing `__path__` from `.models.chameleon.image_processing_pil_chameleon`. Returning `__path__` instead. Behavior may be different and this alias will be removed in future versions.
[transformers] Accessing `__path__` from `.models.chinese_clip.image_processing_chinese_clip`. Returning `__path__` instead. Behavior may be different and this alias will be removed in future versions.
[transformers] Accessing `__path__` from `.models.chinese_clip.image_processing_pil_chinese_clip`. Returning `__path__` instead. Behavior may be different and this alias will be removed in future versions.
[transformers] Accessing `__path__` from `.models.chmv2.image_processing_chmv2`. Returning `__path__` instead. Behavior may be different and this alias will be removed in future versions.
2026-06-01 00:52:38.680 Examining the path of transformers.models.chmv2.image_processing_chmv2_fast raised:
Traceback (most recent call last):
  File "/home/jules/.pyenv/versions/3.12.13/lib/python3.12/site-packages/streamlit/watcher/local_sources_watcher.py", line 330, in get_module_paths
    potential_paths = extract_paths(module)
                      ^^^^^^^^^^^^^^^^^^^^^
  File "/home/jules/.pyenv/versions/3.12.13/lib/python3.12/site-packages/streamlit/watcher/local_sources_watcher.py", line 317, in <lambda>
    if hasattr(m, "__path__")
       ^^^^^^^^^^^^^^^^^^^^^^
  File "/home/jules/.pyenv/versions/3.12.13/lib/python3.12/site-packages/transformers/__init__.py", line 843, in _getattr
    return getattr(importlib.import_module(target, __name__), new_name)
                   ^^^^^^^^^^^^^^^^^^^^^^^^^^^^^^^^^^^^^^^^^
  File "/home/jules/.pyenv/versions/3.12.13/lib/python3.12/importlib/__init__.py", line 90, in import_module
    return _bootstrap._gcd_import(name[level:], package, level)
           ^^^^^^^^^^^^^^^^^^^^^^^^^^^^^^^^^^^^^^^^^^^^^^^^^^^^
  File "<frozen importlib._bootstrap>", line 1387, in _gcd_import
  File "<frozen importlib._bootstrap>", line 1360, in _find_and_load
  File "<frozen importlib._bootstrap>", line 1331, in _find_and_load_unlocked
  File "<frozen importlib._bootstrap>", line 935, in _load_unlocked
  File "<frozen importlib._bootstrap_external>", line 999, in exec_module
  File "<frozen importlib._bootstrap>", line 488, in _call_with_frames_removed
  File "/home/jules/.pyenv/versions/3.12.13/lib/python3.12/site-packages/transformers/models/chmv2/image_processing_chmv2.py", line 27, in <module>
    from torchvision.transforms.v2 import functional as tvF
ModuleNotFoundError: No module named 'torchvision'
[transformers] Accessing `__path__` from `.models.clip.image_processing_clip`. Returning `__path__` instead. Behavior may be different and this alias will be removed in future versions.
[transformers] Accessing `__path__` from `.models.clip.image_processing_pil_clip`. Returning `__path__` instead. Behavior may be different and this alias will be removed in future versions.
[transformers] Accessing `__path__` from `.models.cohere2_vision.image_processing_cohere2_vision`. Returning `__path__` instead. Behavior may be different and this alias will be removed in future versions.
2026-06-01 00:52:38.688 Examining the path of transformers.models.cohere2_vision.image_processing_cohere2_vision_fast raised:
Traceback (most recent call last):
  File "/home/jules/.pyenv/versions/3.12.13/lib/python3.12/site-packages/streamlit/watcher/local_sources_watcher.py", line 330, in get_module_paths
    potential_paths = extract_paths(module)
                      ^^^^^^^^^^^^^^^^^^^^^
  File "/home/jules/.pyenv/versions/3.12.13/lib/python3.12/site-packages/streamlit/watcher/local_sources_watcher.py", line 317, in <lambda>
    if hasattr(m, "__path__")
       ^^^^^^^^^^^^^^^^^^^^^^
  File "/home/jules/.pyenv/versions/3.12.13/lib/python3.12/site-packages/transformers/__init__.py", line 843, in _getattr
    return getattr(importlib.import_module(target, __name__), new_name)
                   ^^^^^^^^^^^^^^^^^^^^^^^^^^^^^^^^^^^^^^^^^
  File "/home/jules/.pyenv/versions/3.12.13/lib/python3.12/importlib/__init__.py", line 90, in import_module
    return _bootstrap._gcd_import(name[level:], package, level)
           ^^^^^^^^^^^^^^^^^^^^^^^^^^^^^^^^^^^^^^^^^^^^^^^^^^^^
  File "<frozen importlib._bootstrap>", line 1387, in _gcd_import
  File "<frozen importlib._bootstrap>", line 1360, in _find_and_load
  File "<frozen importlib._bootstrap>", line 1331, in _find_and_load_unlocked
  File "<frozen importlib._bootstrap>", line 935, in _load_unlocked
  File "<frozen importlib._bootstrap_external>", line 999, in exec_module
  File "<frozen importlib._bootstrap>", line 488, in _call_with_frames_removed
  File "/home/jules/.pyenv/versions/3.12.13/lib/python3.12/site-packages/transformers/models/cohere2_vision/image_processing_cohere2_vision.py", line 25, in <module>
    from torchvision.transforms.v2 import functional as tvF
ModuleNotFoundError: No module named 'torchvision'
[transformers] Accessing `__path__` from `.models.conditional_detr.image_processing_conditional_detr`. Returning `__path__` instead. Behavior may be different and this alias will be removed in future versions.
2026-06-01 00:52:38.694 Examining the path of transformers.models.conditional_detr.image_processing_conditional_detr_fast raised:
Traceback (most recent call last):
  File "/home/jules/.pyenv/versions/3.12.13/lib/python3.12/site-packages/streamlit/watcher/local_sources_watcher.py", line 330, in get_module_paths
    potential_paths = extract_paths(module)
                      ^^^^^^^^^^^^^^^^^^^^^
  File "/home/jules/.pyenv/versions/3.12.13/lib/python3.12/site-packages/streamlit/watcher/local_sources_watcher.py", line 317, in <lambda>
    if hasattr(m, "__path__")
       ^^^^^^^^^^^^^^^^^^^^^^
  File "/home/jules/.pyenv/versions/3.12.13/lib/python3.12/site-packages/transformers/__init__.py", line 843, in _getattr
    return getattr(importlib.import_module(target, __name__), new_name)
                   ^^^^^^^^^^^^^^^^^^^^^^^^^^^^^^^^^^^^^^^^^
  File "/home/jules/.pyenv/versions/3.12.13/lib/python3.12/importlib/__init__.py", line 90, in import_module
    return _bootstrap._gcd_import(name[level:], package, level)
           ^^^^^^^^^^^^^^^^^^^^^^^^^^^^^^^^^^^^^^^^^^^^^^^^^^^^
  File "<frozen importlib._bootstrap>", line 1387, in _gcd_import
  File "<frozen importlib._bootstrap>", line 1360, in _find_and_load
  File "<frozen importlib._bootstrap>", line 1331, in _find_and_load_unlocked
  File "<frozen importlib._bootstrap>", line 935, in _load_unlocked
  File "<frozen importlib._bootstrap_external>", line 999, in exec_module
  File "<frozen importlib._bootstrap>", line 488, in _call_with_frames_removed
  File "/home/jules/.pyenv/versions/3.12.13/lib/python3.12/site-packages/transformers/models/conditional_detr/image_processing_conditional_detr.py", line 27, in <module>
    from torchvision.io import read_image
ModuleNotFoundError: No module named 'torchvision'
[transformers] Accessing `__path__` from `.models.conditional_detr.image_processing_pil_conditional_detr`. Returning `__path__` instead. Behavior may be different and this alias will be removed in future versions.
[transformers] Accessing `__path__` from `.models.convnext.image_processing_convnext`. Returning `__path__` instead. Behavior may be different and this alias will be removed in future versions.
2026-06-01 00:52:38.706 Examining the path of transformers.models.convnext.image_processing_convnext_fast raised:
Traceback (most recent call last):
  File "/home/jules/.pyenv/versions/3.12.13/lib/python3.12/site-packages/streamlit/watcher/local_sources_watcher.py", line 330, in get_module_paths
    potential_paths = extract_paths(module)
                      ^^^^^^^^^^^^^^^^^^^^^
  File "/home/jules/.pyenv/versions/3.12.13/lib/python3.12/site-packages/streamlit/watcher/local_sources_watcher.py", line 317, in <lambda>
    if hasattr(m, "__path__")
       ^^^^^^^^^^^^^^^^^^^^^^
  File "/home/jules/.pyenv/versions/3.12.13/lib/python3.12/site-packages/transformers/__init__.py", line 843, in _getattr
    return getattr(importlib.import_module(target, __name__), new_name)
                   ^^^^^^^^^^^^^^^^^^^^^^^^^^^^^^^^^^^^^^^^^
  File "/home/jules/.pyenv/versions/3.12.13/lib/python3.12/importlib/__init__.py", line 90, in import_module
    return _bootstrap._gcd_import(name[level:], package, level)
           ^^^^^^^^^^^^^^^^^^^^^^^^^^^^^^^^^^^^^^^^^^^^^^^^^^^^
  File "<frozen importlib._bootstrap>", line 1387, in _gcd_import
  File "<frozen importlib._bootstrap>", line 1360, in _find_and_load
  File "<frozen importlib._bootstrap>", line 1331, in _find_and_load_unlocked
  File "<frozen importlib._bootstrap>", line 935, in _load_unlocked
  File "<frozen importlib._bootstrap_external>", line 999, in exec_module
  File "<frozen importlib._bootstrap>", line 488, in _call_with_frames_removed
  File "/home/jules/.pyenv/versions/3.12.13/lib/python3.12/site-packages/transformers/models/convnext/image_processing_convnext.py", line 17, in <module>
    from torchvision.transforms.v2 import functional as tvF
ModuleNotFoundError: No module named 'torchvision'
[transformers] Accessing `__path__` from `.models.convnext.image_processing_pil_convnext`. Returning `__path__` instead. Behavior may be different and this alias will be removed in future versions.
[transformers] Accessing `__path__` from `.models.deepseek_vl.image_processing_deepseek_vl`. Returning `__path__` instead. Behavior may be different and this alias will be removed in future versions.
2026-06-01 00:52:38.711 Examining the path of transformers.models.deepseek_vl.image_processing_deepseek_vl_fast raised:
Traceback (most recent call last):
  File "/home/jules/.pyenv/versions/3.12.13/lib/python3.12/site-packages/streamlit/watcher/local_sources_watcher.py", line 330, in get_module_paths
    potential_paths = extract_paths(module)
                      ^^^^^^^^^^^^^^^^^^^^^
  File "/home/jules/.pyenv/versions/3.12.13/lib/python3.12/site-packages/streamlit/watcher/local_sources_watcher.py", line 317, in <lambda>
    if hasattr(m, "__path__")
       ^^^^^^^^^^^^^^^^^^^^^^
  File "/home/jules/.pyenv/versions/3.12.13/lib/python3.12/site-packages/transformers/__init__.py", line 843, in _getattr
    return getattr(importlib.import_module(target, __name__), new_name)
                   ^^^^^^^^^^^^^^^^^^^^^^^^^^^^^^^^^^^^^^^^^
  File "/home/jules/.pyenv/versions/3.12.13/lib/python3.12/importlib/__init__.py", line 90, in import_module
    return _bootstrap._gcd_import(name[level:], package, level)
           ^^^^^^^^^^^^^^^^^^^^^^^^^^^^^^^^^^^^^^^^^^^^^^^^^^^^
  File "<frozen importlib._bootstrap>", line 1387, in _gcd_import
  File "<frozen importlib._bootstrap>", line 1360, in _find_and_load
  File "<frozen importlib._bootstrap>", line 1331, in _find_and_load_unlocked
  File "<frozen importlib._bootstrap>", line 935, in _load_unlocked
  File "<frozen importlib._bootstrap_external>", line 999, in exec_module
  File "<frozen importlib._bootstrap>", line 488, in _call_with_frames_removed
  File "/home/jules/.pyenv/versions/3.12.13/lib/python3.12/site-packages/transformers/models/deepseek_vl/image_processing_deepseek_vl.py", line 23, in <module>
    import torchvision.transforms.v2.functional as tvF
ModuleNotFoundError: No module named 'torchvision'
[transformers] Accessing `__path__` from `.models.deepseek_vl.image_processing_pil_deepseek_vl`. Returning `__path__` instead. Behavior may be different and this alias will be removed in future versions.
[transformers] Accessing `__path__` from `.models.deepseek_vl_hybrid.image_processing_deepseek_vl_hybrid`. Returning `__path__` instead. Behavior may be different and this alias will be removed in future versions.
2026-06-01 00:52:38.720 Examining the path of transformers.models.deepseek_vl_hybrid.image_processing_deepseek_vl_hybrid_fast raised:
Traceback (most recent call last):
  File "/home/jules/.pyenv/versions/3.12.13/lib/python3.12/site-packages/streamlit/watcher/local_sources_watcher.py", line 330, in get_module_paths
    potential_paths = extract_paths(module)
                      ^^^^^^^^^^^^^^^^^^^^^
  File "/home/jules/.pyenv/versions/3.12.13/lib/python3.12/site-packages/streamlit/watcher/local_sources_watcher.py", line 317, in <lambda>
    if hasattr(m, "__path__")
       ^^^^^^^^^^^^^^^^^^^^^^
  File "/home/jules/.pyenv/versions/3.12.13/lib/python3.12/site-packages/transformers/__init__.py", line 843, in _getattr
    return getattr(importlib.import_module(target, __name__), new_name)
                   ^^^^^^^^^^^^^^^^^^^^^^^^^^^^^^^^^^^^^^^^^
  File "/home/jules/.pyenv/versions/3.12.13/lib/python3.12/importlib/__init__.py", line 90, in import_module
    return _bootstrap._gcd_import(name[level:], package, level)
           ^^^^^^^^^^^^^^^^^^^^^^^^^^^^^^^^^^^^^^^^^^^^^^^^^^^^
  File "<frozen importlib._bootstrap>", line 1387, in _gcd_import
  File "<frozen importlib._bootstrap>", line 1360, in _find_and_load
  File "<frozen importlib._bootstrap>", line 1331, in _find_and_load_unlocked
  File "<frozen importlib._bootstrap>", line 935, in _load_unlocked
  File "<frozen importlib._bootstrap_external>", line 999, in exec_module
  File "<frozen importlib._bootstrap>", line 488, in _call_with_frames_removed
  File "/home/jules/.pyenv/versions/3.12.13/lib/python3.12/site-packages/transformers/models/deepseek_vl_hybrid/image_processing_deepseek_vl_hybrid.py", line 25, in <module>
    import torchvision.transforms.v2.functional as tvF
ModuleNotFoundError: No module named 'torchvision'
[transformers] Accessing `__path__` from `.models.deepseek_vl_hybrid.image_processing_pil_deepseek_vl_hybrid`. Returning `__path__` instead. Behavior may be different and this alias will be removed in future versions.
[transformers] Accessing `__path__` from `.models.deformable_detr.image_processing_deformable_detr`. Returning `__path__` instead. Behavior may be different and this alias will be removed in future versions.
2026-06-01 00:52:38.731 Examining the path of transformers.models.deformable_detr.image_processing_deformable_detr_fast raised:
Traceback (most recent call last):
  File "/home/jules/.pyenv/versions/3.12.13/lib/python3.12/site-packages/streamlit/watcher/local_sources_watcher.py", line 330, in get_module_paths
    potential_paths = extract_paths(module)
                      ^^^^^^^^^^^^^^^^^^^^^
  File "/home/jules/.pyenv/versions/3.12.13/lib/python3.12/site-packages/streamlit/watcher/local_sources_watcher.py", line 317, in <lambda>
    if hasattr(m, "__path__")
       ^^^^^^^^^^^^^^^^^^^^^^
  File "/home/jules/.pyenv/versions/3.12.13/lib/python3.12/site-packages/transformers/__init__.py", line 843, in _getattr
    return getattr(importlib.import_module(target, __name__), new_name)
                   ^^^^^^^^^^^^^^^^^^^^^^^^^^^^^^^^^^^^^^^^^
  File "/home/jules/.pyenv/versions/3.12.13/lib/python3.12/importlib/__init__.py", line 90, in import_module
    return _bootstrap._gcd_import(name[level:], package, level)
           ^^^^^^^^^^^^^^^^^^^^^^^^^^^^^^^^^^^^^^^^^^^^^^^^^^^^
  File "<frozen importlib._bootstrap>", line 1387, in _gcd_import
  File "<frozen importlib._bootstrap>", line 1360, in _find_and_load
  File "<frozen importlib._bootstrap>", line 1331, in _find_and_load_unlocked
  File "<frozen importlib._bootstrap>", line 935, in _load_unlocked
  File "<frozen importlib._bootstrap_external>", line 999, in exec_module
  File "<frozen importlib._bootstrap>", line 488, in _call_with_frames_removed
  File "/home/jules/.pyenv/versions/3.12.13/lib/python3.12/site-packages/transformers/models/deformable_detr/image_processing_deformable_detr.py", line 25, in <module>
    from torchvision.io import read_image
ModuleNotFoundError: No module named 'torchvision'
[transformers] Accessing `__path__` from `.models.deformable_detr.image_processing_pil_deformable_detr`. Returning `__path__` instead. Behavior may be different and this alias will be removed in future versions.
[transformers] Accessing `__path__` from `.models.deit.image_processing_deit`. Returning `__path__` instead. Behavior may be different and this alias will be removed in future versions.
[transformers] Accessing `__path__` from `.models.deit.image_processing_pil_deit`. Returning `__path__` instead. Behavior may be different and this alias will be removed in future versions.
[transformers] Accessing `__path__` from `.models.depth_pro.image_processing_depth_pro`. Returning `__path__` instead. Behavior may be different and this alias will be removed in future versions.
2026-06-01 00:52:38.749 Examining the path of transformers.models.depth_pro.image_processing_depth_pro_fast raised:
Traceback (most recent call last):
  File "/home/jules/.pyenv/versions/3.12.13/lib/python3.12/site-packages/streamlit/watcher/local_sources_watcher.py", line 330, in get_module_paths
    potential_paths = extract_paths(module)
                      ^^^^^^^^^^^^^^^^^^^^^
  File "/home/jules/.pyenv/versions/3.12.13/lib/python3.12/site-packages/streamlit/watcher/local_sources_watcher.py", line 317, in <lambda>
    if hasattr(m, "__path__")
       ^^^^^^^^^^^^^^^^^^^^^^
  File "/home/jules/.pyenv/versions/3.12.13/lib/python3.12/site-packages/transformers/__init__.py", line 843, in _getattr
    return getattr(importlib.import_module(target, __name__), new_name)
                   ^^^^^^^^^^^^^^^^^^^^^^^^^^^^^^^^^^^^^^^^^
  File "/home/jules/.pyenv/versions/3.12.13/lib/python3.12/importlib/__init__.py", line 90, in import_module
    return _bootstrap._gcd_import(name[level:], package, level)
           ^^^^^^^^^^^^^^^^^^^^^^^^^^^^^^^^^^^^^^^^^^^^^^^^^^^^
  File "<frozen importlib._bootstrap>", line 1387, in _gcd_import
  File "<frozen importlib._bootstrap>", line 1360, in _find_and_load
  File "<frozen importlib._bootstrap>", line 1331, in _find_and_load_unlocked
  File "<frozen importlib._bootstrap>", line 935, in _load_unlocked
  File "<frozen importlib._bootstrap_external>", line 999, in exec_module
  File "<frozen importlib._bootstrap>", line 488, in _call_with_frames_removed
  File "/home/jules/.pyenv/versions/3.12.13/lib/python3.12/site-packages/transformers/models/depth_pro/image_processing_depth_pro.py", line 19, in <module>
    from torchvision.transforms.v2 import functional as tvF
ModuleNotFoundError: No module named 'torchvision'
[transformers] Accessing `__path__` from `.models.detr.image_processing_detr`. Returning `__path__` instead. Behavior may be different and this alias will be removed in future versions.
2026-06-01 00:52:38.755 Examining the path of transformers.models.detr.image_processing_detr_fast raised:
Traceback (most recent call last):
  File "/home/jules/.pyenv/versions/3.12.13/lib/python3.12/site-packages/streamlit/watcher/local_sources_watcher.py", line 330, in get_module_paths
    potential_paths = extract_paths(module)
                      ^^^^^^^^^^^^^^^^^^^^^
  File "/home/jules/.pyenv/versions/3.12.13/lib/python3.12/site-packages/streamlit/watcher/local_sources_watcher.py", line 317, in <lambda>
    if hasattr(m, "__path__")
       ^^^^^^^^^^^^^^^^^^^^^^
  File "/home/jules/.pyenv/versions/3.12.13/lib/python3.12/site-packages/transformers/__init__.py", line 843, in _getattr
    return getattr(importlib.import_module(target, __name__), new_name)
                   ^^^^^^^^^^^^^^^^^^^^^^^^^^^^^^^^^^^^^^^^^
  File "/home/jules/.pyenv/versions/3.12.13/lib/python3.12/importlib/__init__.py", line 90, in import_module
    return _bootstrap._gcd_import(name[level:], package, level)
           ^^^^^^^^^^^^^^^^^^^^^^^^^^^^^^^^^^^^^^^^^^^^^^^^^^^^
  File "<frozen importlib._bootstrap>", line 1387, in _gcd_import
  File "<frozen importlib._bootstrap>", line 1360, in _find_and_load
  File "<frozen importlib._bootstrap>", line 1331, in _find_and_load_unlocked
  File "<frozen importlib._bootstrap>", line 935, in _load_unlocked
  File "<frozen importlib._bootstrap_external>", line 999, in exec_module
  File "<frozen importlib._bootstrap>", line 488, in _call_with_frames_removed
  File "/home/jules/.pyenv/versions/3.12.13/lib/python3.12/site-packages/transformers/models/detr/image_processing_detr.py", line 22, in <module>
    from torchvision.io import read_image
ModuleNotFoundError: No module named 'torchvision'
[transformers] Accessing `__path__` from `.models.detr.image_processing_pil_detr`. Returning `__path__` instead. Behavior may be different and this alias will be removed in future versions.
[transformers] Accessing `__path__` from `.models.dinov3_vit.image_processing_dinov3_vit`. Returning `__path__` instead. Behavior may be different and this alias will be removed in future versions.
2026-06-01 00:52:38.767 Examining the path of transformers.models.dinov3_vit.image_processing_dinov3_vit_fast raised:
Traceback (most recent call last):
  File "/home/jules/.pyenv/versions/3.12.13/lib/python3.12/site-packages/streamlit/watcher/local_sources_watcher.py", line 330, in get_module_paths
    potential_paths = extract_paths(module)
                      ^^^^^^^^^^^^^^^^^^^^^
  File "/home/jules/.pyenv/versions/3.12.13/lib/python3.12/site-packages/streamlit/watcher/local_sources_watcher.py", line 317, in <lambda>
    if hasattr(m, "__path__")
       ^^^^^^^^^^^^^^^^^^^^^^
  File "/home/jules/.pyenv/versions/3.12.13/lib/python3.12/site-packages/transformers/__init__.py", line 843, in _getattr
    return getattr(importlib.import_module(target, __name__), new_name)
                   ^^^^^^^^^^^^^^^^^^^^^^^^^^^^^^^^^^^^^^^^^
  File "/home/jules/.pyenv/versions/3.12.13/lib/python3.12/importlib/__init__.py", line 90, in import_module
    return _bootstrap._gcd_import(name[level:], package, level)
           ^^^^^^^^^^^^^^^^^^^^^^^^^^^^^^^^^^^^^^^^^^^^^^^^^^^^
  File "<frozen importlib._bootstrap>", line 1387, in _gcd_import
  File "<frozen importlib._bootstrap>", line 1360, in _find_and_load
  File "<frozen importlib._bootstrap>", line 1331, in _find_and_load_unlocked
  File "<frozen importlib._bootstrap>", line 935, in _load_unlocked
  File "<frozen importlib._bootstrap_external>", line 999, in exec_module
  File "<frozen importlib._bootstrap>", line 488, in _call_with_frames_removed
  File "/home/jules/.pyenv/versions/3.12.13/lib/python3.12/site-packages/transformers/models/dinov3_vit/image_processing_dinov3_vit.py", line 17, in <module>
    from torchvision.transforms.v2 import functional as tvF
ModuleNotFoundError: No module named 'torchvision'
[transformers] Accessing `__path__` from `.models.donut.image_processing_donut`. Returning `__path__` instead. Behavior may be different and this alias will be removed in future versions.
2026-06-01 00:52:38.771 Examining the path of transformers.models.donut.image_processing_donut_fast raised:
Traceback (most recent call last):
  File "/home/jules/.pyenv/versions/3.12.13/lib/python3.12/site-packages/streamlit/watcher/local_sources_watcher.py", line 330, in get_module_paths
    potential_paths = extract_paths(module)
                      ^^^^^^^^^^^^^^^^^^^^^
  File "/home/jules/.pyenv/versions/3.12.13/lib/python3.12/site-packages/streamlit/watcher/local_sources_watcher.py", line 317, in <lambda>
    if hasattr(m, "__path__")
       ^^^^^^^^^^^^^^^^^^^^^^
  File "/home/jules/.pyenv/versions/3.12.13/lib/python3.12/site-packages/transformers/__init__.py", line 843, in _getattr
    return getattr(importlib.import_module(target, __name__), new_name)
                   ^^^^^^^^^^^^^^^^^^^^^^^^^^^^^^^^^^^^^^^^^
  File "/home/jules/.pyenv/versions/3.12.13/lib/python3.12/importlib/__init__.py", line 90, in import_module
    return _bootstrap._gcd_import(name[level:], package, level)
           ^^^^^^^^^^^^^^^^^^^^^^^^^^^^^^^^^^^^^^^^^^^^^^^^^^^^
  File "<frozen importlib._bootstrap>", line 1387, in _gcd_import
  File "<frozen importlib._bootstrap>", line 1360, in _find_and_load
  File "<frozen importlib._bootstrap>", line 1331, in _find_and_load_unlocked
  File "<frozen importlib._bootstrap>", line 935, in _load_unlocked
  File "<frozen importlib._bootstrap_external>", line 999, in exec_module
  File "<frozen importlib._bootstrap>", line 488, in _call_with_frames_removed
  File "/home/jules/.pyenv/versions/3.12.13/lib/python3.12/site-packages/transformers/models/donut/image_processing_donut.py", line 17, in <module>
    from torchvision.transforms.v2 import functional as tvF
ModuleNotFoundError: No module named 'torchvision'
[transformers] Accessing `__path__` from `.models.donut.image_processing_pil_donut`. Returning `__path__` instead. Behavior may be different and this alias will be removed in future versions.
[transformers] Accessing `__path__` from `.models.dpt.image_processing_dpt`. Returning `__path__` instead. Behavior may be different and this alias will be removed in future versions.
2026-06-01 00:52:38.782 Examining the path of transformers.models.dpt.image_processing_dpt_fast raised:
Traceback (most recent call last):
  File "/home/jules/.pyenv/versions/3.12.13/lib/python3.12/site-packages/streamlit/watcher/local_sources_watcher.py", line 330, in get_module_paths
    potential_paths = extract_paths(module)
                      ^^^^^^^^^^^^^^^^^^^^^
  File "/home/jules/.pyenv/versions/3.12.13/lib/python3.12/site-packages/streamlit/watcher/local_sources_watcher.py", line 317, in <lambda>
    if hasattr(m, "__path__")
       ^^^^^^^^^^^^^^^^^^^^^^
  File "/home/jules/.pyenv/versions/3.12.13/lib/python3.12/site-packages/transformers/__init__.py", line 843, in _getattr
    return getattr(importlib.import_module(target, __name__), new_name)
                   ^^^^^^^^^^^^^^^^^^^^^^^^^^^^^^^^^^^^^^^^^
  File "/home/jules/.pyenv/versions/3.12.13/lib/python3.12/importlib/__init__.py", line 90, in import_module
    return _bootstrap._gcd_import(name[level:], package, level)
           ^^^^^^^^^^^^^^^^^^^^^^^^^^^^^^^^^^^^^^^^^^^^^^^^^^^^
  File "<frozen importlib._bootstrap>", line 1387, in _gcd_import
  File "<frozen importlib._bootstrap>", line 1360, in _find_and_load
  File "<frozen importlib._bootstrap>", line 1331, in _find_and_load_unlocked
  File "<frozen importlib._bootstrap>", line 935, in _load_unlocked
  File "<frozen importlib._bootstrap_external>", line 999, in exec_module
  File "<frozen importlib._bootstrap>", line 488, in _call_with_frames_removed
  File "/home/jules/.pyenv/versions/3.12.13/lib/python3.12/site-packages/transformers/models/dpt/image_processing_dpt.py", line 28, in <module>
    from torchvision.transforms.v2 import functional as tvF
ModuleNotFoundError: No module named 'torchvision'
[transformers] Accessing `__path__` from `.models.dpt.image_processing_pil_dpt`. Returning `__path__` instead. Behavior may be different and this alias will be removed in future versions.
[transformers] Accessing `__path__` from `.models.efficientloftr.image_processing_efficientloftr`. Returning `__path__` instead. Behavior may be different and this alias will be removed in future versions.
2026-06-01 00:52:38.824 Examining the path of transformers.models.efficientloftr.image_processing_efficientloftr_fast raised:
Traceback (most recent call last):
  File "/home/jules/.pyenv/versions/3.12.13/lib/python3.12/site-packages/streamlit/watcher/local_sources_watcher.py", line 330, in get_module_paths
    potential_paths = extract_paths(module)
                      ^^^^^^^^^^^^^^^^^^^^^
  File "/home/jules/.pyenv/versions/3.12.13/lib/python3.12/site-packages/streamlit/watcher/local_sources_watcher.py", line 317, in <lambda>
    if hasattr(m, "__path__")
       ^^^^^^^^^^^^^^^^^^^^^^
  File "/home/jules/.pyenv/versions/3.12.13/lib/python3.12/site-packages/transformers/__init__.py", line 843, in _getattr
    return getattr(importlib.import_module(target, __name__), new_name)
                   ^^^^^^^^^^^^^^^^^^^^^^^^^^^^^^^^^^^^^^^^^
  File "/home/jules/.pyenv/versions/3.12.13/lib/python3.12/importlib/__init__.py", line 90, in import_module
    return _bootstrap._gcd_import(name[level:], package, level)
           ^^^^^^^^^^^^^^^^^^^^^^^^^^^^^^^^^^^^^^^^^^^^^^^^^^^^
  File "<frozen importlib._bootstrap>", line 1387, in _gcd_import
  File "<frozen importlib._bootstrap>", line 1360, in _find_and_load
  File "<frozen importlib._bootstrap>", line 1331, in _find_and_load_unlocked
  File "<frozen importlib._bootstrap>", line 935, in _load_unlocked
  File "<frozen importlib._bootstrap_external>", line 999, in exec_module
  File "<frozen importlib._bootstrap>", line 488, in _call_with_frames_removed
  File "/home/jules/.pyenv/versions/3.12.13/lib/python3.12/site-packages/transformers/models/efficientloftr/image_processing_efficientloftr.py", line 10, in <module>
    from torchvision.transforms.v2 import functional as tvF
ModuleNotFoundError: No module named 'torchvision'
[transformers] Accessing `__path__` from `.models.efficientloftr.image_processing_pil_efficientloftr`. Returning `__path__` instead. Behavior may be different and this alias will be removed in future versions.
[transformers] Accessing `__path__` from `.models.efficientnet.image_processing_efficientnet`. Returning `__path__` instead. Behavior may be different and this alias will be removed in future versions.
2026-06-01 00:52:38.835 Examining the path of transformers.models.efficientnet.image_processing_efficientnet_fast raised:
Traceback (most recent call last):
  File "/home/jules/.pyenv/versions/3.12.13/lib/python3.12/site-packages/streamlit/watcher/local_sources_watcher.py", line 330, in get_module_paths
    potential_paths = extract_paths(module)
                      ^^^^^^^^^^^^^^^^^^^^^
  File "/home/jules/.pyenv/versions/3.12.13/lib/python3.12/site-packages/streamlit/watcher/local_sources_watcher.py", line 317, in <lambda>
    if hasattr(m, "__path__")
       ^^^^^^^^^^^^^^^^^^^^^^
  File "/home/jules/.pyenv/versions/3.12.13/lib/python3.12/site-packages/transformers/__init__.py", line 843, in _getattr
    return getattr(importlib.import_module(target, __name__), new_name)
                   ^^^^^^^^^^^^^^^^^^^^^^^^^^^^^^^^^^^^^^^^^
  File "/home/jules/.pyenv/versions/3.12.13/lib/python3.12/importlib/__init__.py", line 90, in import_module
    return _bootstrap._gcd_import(name[level:], package, level)
           ^^^^^^^^^^^^^^^^^^^^^^^^^^^^^^^^^^^^^^^^^^^^^^^^^^^^
  File "<frozen importlib._bootstrap>", line 1387, in _gcd_import
  File "<frozen importlib._bootstrap>", line 1360, in _find_and_load
  File "<frozen importlib._bootstrap>", line 1331, in _find_and_load_unlocked
  File "<frozen importlib._bootstrap>", line 935, in _load_unlocked
  File "<frozen importlib._bootstrap_external>", line 999, in exec_module
  File "<frozen importlib._bootstrap>", line 488, in _call_with_frames_removed
  File "/home/jules/.pyenv/versions/3.12.13/lib/python3.12/site-packages/transformers/models/efficientnet/image_processing_efficientnet.py", line 20, in <module>
    from torchvision.transforms.v2 import functional as tvF
ModuleNotFoundError: No module named 'torchvision'
[transformers] Accessing `__path__` from `.models.efficientnet.image_processing_pil_efficientnet`. Returning `__path__` instead. Behavior may be different and this alias will be removed in future versions.
[transformers] Accessing `__path__` from `.models.emu3.image_processing_emu3`. Returning `__path__` instead. Behavior may be different and this alias will be removed in future versions.
[transformers] Accessing `__path__` from `.models.eomt.image_processing_eomt`. Returning `__path__` instead. Behavior may be different and this alias will be removed in future versions.
2026-06-01 00:52:38.845 Examining the path of transformers.models.eomt.image_processing_eomt_fast raised:
Traceback (most recent call last):
  File "/home/jules/.pyenv/versions/3.12.13/lib/python3.12/site-packages/streamlit/watcher/local_sources_watcher.py", line 330, in get_module_paths
    potential_paths = extract_paths(module)
                      ^^^^^^^^^^^^^^^^^^^^^
  File "/home/jules/.pyenv/versions/3.12.13/lib/python3.12/site-packages/streamlit/watcher/local_sources_watcher.py", line 317, in <lambda>
    if hasattr(m, "__path__")
       ^^^^^^^^^^^^^^^^^^^^^^
  File "/home/jules/.pyenv/versions/3.12.13/lib/python3.12/site-packages/transformers/__init__.py", line 843, in _getattr
    return getattr(importlib.import_module(target, __name__), new_name)
                   ^^^^^^^^^^^^^^^^^^^^^^^^^^^^^^^^^^^^^^^^^
  File "/home/jules/.pyenv/versions/3.12.13/lib/python3.12/importlib/__init__.py", line 90, in import_module
    return _bootstrap._gcd_import(name[level:], package, level)
           ^^^^^^^^^^^^^^^^^^^^^^^^^^^^^^^^^^^^^^^^^^^^^^^^^^^^
  File "<frozen importlib._bootstrap>", line 1387, in _gcd_import
  File "<frozen importlib._bootstrap>", line 1360, in _find_and_load
  File "<frozen importlib._bootstrap>", line 1331, in _find_and_load_unlocked
  File "<frozen importlib._bootstrap>", line 935, in _load_unlocked
  File "<frozen importlib._bootstrap_external>", line 999, in exec_module
  File "<frozen importlib._bootstrap>", line 488, in _call_with_frames_removed
  File "/home/jules/.pyenv/versions/3.12.13/lib/python3.12/site-packages/transformers/models/eomt/image_processing_eomt.py", line 21, in <module>
    from torchvision.transforms.v2 import functional as tvF
ModuleNotFoundError: No module named 'torchvision'
[transformers] Accessing `__path__` from `.models.eomt.image_processing_pil_eomt`. Returning `__path__` instead. Behavior may be different and this alias will be removed in future versions.
[transformers] Accessing `__path__` from `.models.ernie4_5_vl_moe.image_processing_ernie4_5_vl_moe`. Returning `__path__` instead. Behavior may be different and this alias will be removed in future versions.
2026-06-01 00:52:38.859 Examining the path of transformers.models.ernie4_5_vl_moe.image_processing_ernie4_5_vl_moe_fast raised:
Traceback (most recent call last):
  File "/home/jules/.pyenv/versions/3.12.13/lib/python3.12/site-packages/streamlit/watcher/local_sources_watcher.py", line 330, in get_module_paths
    potential_paths = extract_paths(module)
                      ^^^^^^^^^^^^^^^^^^^^^
  File "/home/jules/.pyenv/versions/3.12.13/lib/python3.12/site-packages/streamlit/watcher/local_sources_watcher.py", line 317, in <lambda>
    if hasattr(m, "__path__")
       ^^^^^^^^^^^^^^^^^^^^^^
  File "/home/jules/.pyenv/versions/3.12.13/lib/python3.12/site-packages/transformers/__init__.py", line 843, in _getattr
    return getattr(importlib.import_module(target, __name__), new_name)
                   ^^^^^^^^^^^^^^^^^^^^^^^^^^^^^^^^^^^^^^^^^
  File "/home/jules/.pyenv/versions/3.12.13/lib/python3.12/importlib/__init__.py", line 90, in import_module
    return _bootstrap._gcd_import(name[level:], package, level)
           ^^^^^^^^^^^^^^^^^^^^^^^^^^^^^^^^^^^^^^^^^^^^^^^^^^^^
  File "<frozen importlib._bootstrap>", line 1387, in _gcd_import
  File "<frozen importlib._bootstrap>", line 1360, in _find_and_load
  File "<frozen importlib._bootstrap>", line 1331, in _find_and_load_unlocked
  File "<frozen importlib._bootstrap>", line 935, in _load_unlocked
  File "<frozen importlib._bootstrap_external>", line 999, in exec_module
  File "<frozen importlib._bootstrap>", line 488, in _call_with_frames_removed
  File "/home/jules/.pyenv/versions/3.12.13/lib/python3.12/site-packages/transformers/models/ernie4_5_vl_moe/image_processing_ernie4_5_vl_moe.py", line 23, in <module>
    from torchvision.transforms.v2 import functional as tvF
ModuleNotFoundError: No module named 'torchvision'
[transformers] Accessing `__path__` from `.models.ernie4_5_vl_moe.image_processing_pil_ernie4_5_vl_moe`. Returning `__path__` instead. Behavior may be different and this alias will be removed in future versions.
[transformers] Accessing `__path__` from `.models.flava.image_processing_flava`. Returning `__path__` instead. Behavior may be different and this alias will be removed in future versions.
2026-06-01 00:52:38.879 Examining the path of transformers.models.flava.image_processing_flava_fast raised:
Traceback (most recent call last):
  File "/home/jules/.pyenv/versions/3.12.13/lib/python3.12/site-packages/streamlit/watcher/local_sources_watcher.py", line 330, in get_module_paths
    potential_paths = extract_paths(module)
                      ^^^^^^^^^^^^^^^^^^^^^
  File "/home/jules/.pyenv/versions/3.12.13/lib/python3.12/site-packages/streamlit/watcher/local_sources_watcher.py", line 317, in <lambda>
    if hasattr(m, "__path__")
       ^^^^^^^^^^^^^^^^^^^^^^
  File "/home/jules/.pyenv/versions/3.12.13/lib/python3.12/site-packages/transformers/__init__.py", line 843, in _getattr
    return getattr(importlib.import_module(target, __name__), new_name)
                   ^^^^^^^^^^^^^^^^^^^^^^^^^^^^^^^^^^^^^^^^^
  File "/home/jules/.pyenv/versions/3.12.13/lib/python3.12/importlib/__init__.py", line 90, in import_module
    return _bootstrap._gcd_import(name[level:], package, level)
           ^^^^^^^^^^^^^^^^^^^^^^^^^^^^^^^^^^^^^^^^^^^^^^^^^^^^
  File "<frozen importlib._bootstrap>", line 1387, in _gcd_import
  File "<frozen importlib._bootstrap>", line 1360, in _find_and_load
  File "<frozen importlib._bootstrap>", line 1331, in _find_and_load_unlocked
  File "<frozen importlib._bootstrap>", line 935, in _load_unlocked
  File "<frozen importlib._bootstrap_external>", line 999, in exec_module
  File "<frozen importlib._bootstrap>", line 488, in _call_with_frames_removed
  File "/home/jules/.pyenv/versions/3.12.13/lib/python3.12/site-packages/transformers/models/flava/image_processing_flava.py", line 23, in <module>
    from torchvision.transforms.v2 import functional as tvF
ModuleNotFoundError: No module named 'torchvision'
[transformers] Accessing `__path__` from `.models.flava.image_processing_pil_flava`. Returning `__path__` instead. Behavior may be different and this alias will be removed in future versions.
[transformers] Accessing `__path__` from `.models.fuyu.image_processing_fuyu`. Returning `__path__` instead. Behavior may be different and this alias will be removed in future versions.
2026-06-01 00:52:38.903 Examining the path of transformers.models.fuyu.image_processing_fuyu_fast raised:
Traceback (most recent call last):
  File "/home/jules/.pyenv/versions/3.12.13/lib/python3.12/site-packages/streamlit/watcher/local_sources_watcher.py", line 330, in get_module_paths
    potential_paths = extract_paths(module)
                      ^^^^^^^^^^^^^^^^^^^^^
  File "/home/jules/.pyenv/versions/3.12.13/lib/python3.12/site-packages/streamlit/watcher/local_sources_watcher.py", line 317, in <lambda>
    if hasattr(m, "__path__")
       ^^^^^^^^^^^^^^^^^^^^^^
  File "/home/jules/.pyenv/versions/3.12.13/lib/python3.12/site-packages/transformers/__init__.py", line 843, in _getattr
    return getattr(importlib.import_module(target, __name__), new_name)
                   ^^^^^^^^^^^^^^^^^^^^^^^^^^^^^^^^^^^^^^^^^
  File "/home/jules/.pyenv/versions/3.12.13/lib/python3.12/importlib/__init__.py", line 90, in import_module
    return _bootstrap._gcd_import(name[level:], package, level)
           ^^^^^^^^^^^^^^^^^^^^^^^^^^^^^^^^^^^^^^^^^^^^^^^^^^^^
  File "<frozen importlib._bootstrap>", line 1387, in _gcd_import
  File "<frozen importlib._bootstrap>", line 1360, in _find_and_load
  File "<frozen importlib._bootstrap>", line 1331, in _find_and_load_unlocked
  File "<frozen importlib._bootstrap>", line 935, in _load_unlocked
  File "<frozen importlib._bootstrap_external>", line 999, in exec_module
  File "<frozen importlib._bootstrap>", line 488, in _call_with_frames_removed
  File "/home/jules/.pyenv/versions/3.12.13/lib/python3.12/site-packages/transformers/models/fuyu/image_processing_fuyu.py", line 19, in <module>
    from torchvision.transforms.v2 import functional as tvF
ModuleNotFoundError: No module named 'torchvision'
[transformers] Accessing `__path__` from `.models.fuyu.image_processing_pil_fuyu`. Returning `__path__` instead. Behavior may be different and this alias will be removed in future versions.
[transformers] Accessing `__path__` from `.models.gemma3.image_processing_gemma3`. Returning `__path__` instead. Behavior may be different and this alias will be removed in future versions.
2026-06-01 00:52:38.908 Examining the path of transformers.models.gemma3.image_processing_gemma3_fast raised:
Traceback (most recent call last):
  File "/home/jules/.pyenv/versions/3.12.13/lib/python3.12/site-packages/streamlit/watcher/local_sources_watcher.py", line 330, in get_module_paths
    potential_paths = extract_paths(module)
                      ^^^^^^^^^^^^^^^^^^^^^
  File "/home/jules/.pyenv/versions/3.12.13/lib/python3.12/site-packages/streamlit/watcher/local_sources_watcher.py", line 317, in <lambda>
    if hasattr(m, "__path__")
       ^^^^^^^^^^^^^^^^^^^^^^
  File "/home/jules/.pyenv/versions/3.12.13/lib/python3.12/site-packages/transformers/__init__.py", line 843, in _getattr
    return getattr(importlib.import_module(target, __name__), new_name)
                   ^^^^^^^^^^^^^^^^^^^^^^^^^^^^^^^^^^^^^^^^^
  File "/home/jules/.pyenv/versions/3.12.13/lib/python3.12/importlib/__init__.py", line 90, in import_module
    return _bootstrap._gcd_import(name[level:], package, level)
           ^^^^^^^^^^^^^^^^^^^^^^^^^^^^^^^^^^^^^^^^^^^^^^^^^^^^
  File "<frozen importlib._bootstrap>", line 1387, in _gcd_import
  File "<frozen importlib._bootstrap>", line 1360, in _find_and_load
  File "<frozen importlib._bootstrap>", line 1331, in _find_and_load_unlocked
  File "<frozen importlib._bootstrap>", line 935, in _load_unlocked
  File "<frozen importlib._bootstrap_external>", line 999, in exec_module
  File "<frozen importlib._bootstrap>", line 488, in _call_with_frames_removed
  File "/home/jules/.pyenv/versions/3.12.13/lib/python3.12/site-packages/transformers/models/gemma3/image_processing_gemma3.py", line 20, in <module>
    from torchvision.transforms.v2 import functional as tvF
ModuleNotFoundError: No module named 'torchvision'
[transformers] Accessing `__path__` from `.models.gemma3.image_processing_pil_gemma3`. Returning `__path__` instead. Behavior may be different and this alias will be removed in future versions.
[transformers] Accessing `__path__` from `.models.gemma4.image_processing_gemma4`. Returning `__path__` instead. Behavior may be different and this alias will be removed in future versions.
2026-06-01 00:52:38.923 Examining the path of transformers.models.gemma4.image_processing_gemma4_fast raised:
Traceback (most recent call last):
  File "/home/jules/.pyenv/versions/3.12.13/lib/python3.12/site-packages/streamlit/watcher/local_sources_watcher.py", line 330, in get_module_paths
    potential_paths = extract_paths(module)
                      ^^^^^^^^^^^^^^^^^^^^^
  File "/home/jules/.pyenv/versions/3.12.13/lib/python3.12/site-packages/streamlit/watcher/local_sources_watcher.py", line 317, in <lambda>
    if hasattr(m, "__path__")
       ^^^^^^^^^^^^^^^^^^^^^^
  File "/home/jules/.pyenv/versions/3.12.13/lib/python3.12/site-packages/transformers/__init__.py", line 843, in _getattr
    return getattr(importlib.import_module(target, __name__), new_name)
                   ^^^^^^^^^^^^^^^^^^^^^^^^^^^^^^^^^^^^^^^^^
  File "/home/jules/.pyenv/versions/3.12.13/lib/python3.12/importlib/__init__.py", line 90, in import_module
    return _bootstrap._gcd_import(name[level:], package, level)
           ^^^^^^^^^^^^^^^^^^^^^^^^^^^^^^^^^^^^^^^^^^^^^^^^^^^^
  File "<frozen importlib._bootstrap>", line 1387, in _gcd_import
  File "<frozen importlib._bootstrap>", line 1360, in _find_and_load
  File "<frozen importlib._bootstrap>", line 1331, in _find_and_load_unlocked
  File "<frozen importlib._bootstrap>", line 935, in _load_unlocked
  File "<frozen importlib._bootstrap_external>", line 999, in exec_module
  File "<frozen importlib._bootstrap>", line 488, in _call_with_frames_removed
  File "/home/jules/.pyenv/versions/3.12.13/lib/python3.12/site-packages/transformers/models/gemma4/image_processing_gemma4.py", line 17, in <module>
    from torchvision.transforms.v2 import functional as F
ModuleNotFoundError: No module named 'torchvision'
[transformers] Accessing `__path__` from `.models.gemma4.image_processing_pil_gemma4`. Returning `__path__` instead. Behavior may be different and this alias will be removed in future versions.
[transformers] Accessing `__path__` from `.models.glm46v.image_processing_glm46v`. Returning `__path__` instead. Behavior may be different and this alias will be removed in future versions.
2026-06-01 00:52:38.945 Examining the path of transformers.models.glm46v.image_processing_glm46v_fast raised:
Traceback (most recent call last):
  File "/home/jules/.pyenv/versions/3.12.13/lib/python3.12/site-packages/streamlit/watcher/local_sources_watcher.py", line 330, in get_module_paths
    potential_paths = extract_paths(module)
                      ^^^^^^^^^^^^^^^^^^^^^
  File "/home/jules/.pyenv/versions/3.12.13/lib/python3.12/site-packages/streamlit/watcher/local_sources_watcher.py", line 317, in <lambda>
    if hasattr(m, "__path__")
       ^^^^^^^^^^^^^^^^^^^^^^
  File "/home/jules/.pyenv/versions/3.12.13/lib/python3.12/site-packages/transformers/__init__.py", line 843, in _getattr
    return getattr(importlib.import_module(target, __name__), new_name)
                   ^^^^^^^^^^^^^^^^^^^^^^^^^^^^^^^^^^^^^^^^^
  File "/home/jules/.pyenv/versions/3.12.13/lib/python3.12/importlib/__init__.py", line 90, in import_module
    return _bootstrap._gcd_import(name[level:], package, level)
           ^^^^^^^^^^^^^^^^^^^^^^^^^^^^^^^^^^^^^^^^^^^^^^^^^^^^
  File "<frozen importlib._bootstrap>", line 1387, in _gcd_import
  File "<frozen importlib._bootstrap>", line 1360, in _find_and_load
  File "<frozen importlib._bootstrap>", line 1331, in _find_and_load_unlocked
  File "<frozen importlib._bootstrap>", line 935, in _load_unlocked
  File "<frozen importlib._bootstrap_external>", line 999, in exec_module
  File "<frozen importlib._bootstrap>", line 488, in _call_with_frames_removed
  File "/home/jules/.pyenv/versions/3.12.13/lib/python3.12/site-packages/transformers/models/glm46v/image_processing_glm46v.py", line 25, in <module>
    from torchvision.transforms.v2 import functional as tvF
ModuleNotFoundError: No module named 'torchvision'
[transformers] Accessing `__path__` from `.models.glm46v.image_processing_pil_glm46v`. Returning `__path__` instead. Behavior may be different and this alias will be removed in future versions.
[transformers] Accessing `__path__` from `.models.glm4v.image_processing_glm4v`. Returning `__path__` instead. Behavior may be different and this alias will be removed in future versions.
2026-06-01 00:52:38.955 Examining the path of transformers.models.glm4v.image_processing_glm4v_fast raised:
Traceback (most recent call last):
  File "/home/jules/.pyenv/versions/3.12.13/lib/python3.12/site-packages/streamlit/watcher/local_sources_watcher.py", line 330, in get_module_paths
    potential_paths = extract_paths(module)
                      ^^^^^^^^^^^^^^^^^^^^^
  File "/home/jules/.pyenv/versions/3.12.13/lib/python3.12/site-packages/streamlit/watcher/local_sources_watcher.py", line 317, in <lambda>
    if hasattr(m, "__path__")
       ^^^^^^^^^^^^^^^^^^^^^^
  File "/home/jules/.pyenv/versions/3.12.13/lib/python3.12/site-packages/transformers/__init__.py", line 843, in _getattr
    return getattr(importlib.import_module(target, __name__), new_name)
                   ^^^^^^^^^^^^^^^^^^^^^^^^^^^^^^^^^^^^^^^^^
  File "/home/jules/.pyenv/versions/3.12.13/lib/python3.12/importlib/__init__.py", line 90, in import_module
    return _bootstrap._gcd_import(name[level:], package, level)
           ^^^^^^^^^^^^^^^^^^^^^^^^^^^^^^^^^^^^^^^^^^^^^^^^^^^^
  File "<frozen importlib._bootstrap>", line 1387, in _gcd_import
  File "<frozen importlib._bootstrap>", line 1360, in _find_and_load
  File "<frozen importlib._bootstrap>", line 1331, in _find_and_load_unlocked
  File "<frozen importlib._bootstrap>", line 935, in _load_unlocked
  File "<frozen importlib._bootstrap_external>", line 999, in exec_module
  File "<frozen importlib._bootstrap>", line 488, in _call_with_frames_removed
  File "/home/jules/.pyenv/versions/3.12.13/lib/python3.12/site-packages/transformers/models/glm4v/image_processing_glm4v.py", line 19, in <module>
    from torchvision.transforms.v2 import functional as tvF
ModuleNotFoundError: No module named 'torchvision'
[transformers] Accessing `__path__` from `.models.glm4v.image_processing_pil_glm4v`. Returning `__path__` instead. Behavior may be different and this alias will be removed in future versions.
[transformers] Accessing `__path__` from `.models.glm_image.image_processing_glm_image`. Returning `__path__` instead. Behavior may be different and this alias will be removed in future versions.
2026-06-01 00:52:38.970 Examining the path of transformers.models.glm_image.image_processing_glm_image_fast raised:
Traceback (most recent call last):
  File "/home/jules/.pyenv/versions/3.12.13/lib/python3.12/site-packages/streamlit/watcher/local_sources_watcher.py", line 330, in get_module_paths
    potential_paths = extract_paths(module)
                      ^^^^^^^^^^^^^^^^^^^^^
  File "/home/jules/.pyenv/versions/3.12.13/lib/python3.12/site-packages/streamlit/watcher/local_sources_watcher.py", line 317, in <lambda>
    if hasattr(m, "__path__")
       ^^^^^^^^^^^^^^^^^^^^^^
  File "/home/jules/.pyenv/versions/3.12.13/lib/python3.12/site-packages/transformers/__init__.py", line 843, in _getattr
    return getattr(importlib.import_module(target, __name__), new_name)
                   ^^^^^^^^^^^^^^^^^^^^^^^^^^^^^^^^^^^^^^^^^
  File "/home/jules/.pyenv/versions/3.12.13/lib/python3.12/importlib/__init__.py", line 90, in import_module
    return _bootstrap._gcd_import(name[level:], package, level)
           ^^^^^^^^^^^^^^^^^^^^^^^^^^^^^^^^^^^^^^^^^^^^^^^^^^^^
  File "<frozen importlib._bootstrap>", line 1387, in _gcd_import
  File "<frozen importlib._bootstrap>", line 1360, in _find_and_load
  File "<frozen importlib._bootstrap>", line 1331, in _find_and_load_unlocked
  File "<frozen importlib._bootstrap>", line 935, in _load_unlocked
  File "<frozen importlib._bootstrap_external>", line 999, in exec_module
  File "<frozen importlib._bootstrap>", line 488, in _call_with_frames_removed
  File "/home/jules/.pyenv/versions/3.12.13/lib/python3.12/site-packages/transformers/models/glm_image/image_processing_glm_image.py", line 25, in <module>
    from torchvision.transforms.v2 import functional as tvF
ModuleNotFoundError: No module named 'torchvision'
[transformers] Accessing `__path__` from `.models.glm_image.image_processing_pil_glm_image`. Returning `__path__` instead. Behavior may be different and this alias will be removed in future versions.
[transformers] Accessing `__path__` from `.models.glpn.image_processing_glpn`. Returning `__path__` instead. Behavior may be different and this alias will be removed in future versions.
2026-06-01 00:52:38.988 Examining the path of transformers.models.glpn.image_processing_glpn_fast raised:
Traceback (most recent call last):
  File "/home/jules/.pyenv/versions/3.12.13/lib/python3.12/site-packages/streamlit/watcher/local_sources_watcher.py", line 330, in get_module_paths
    potential_paths = extract_paths(module)
                      ^^^^^^^^^^^^^^^^^^^^^
  File "/home/jules/.pyenv/versions/3.12.13/lib/python3.12/site-packages/streamlit/watcher/local_sources_watcher.py", line 317, in <lambda>
    if hasattr(m, "__path__")
       ^^^^^^^^^^^^^^^^^^^^^^
  File "/home/jules/.pyenv/versions/3.12.13/lib/python3.12/site-packages/transformers/__init__.py", line 843, in _getattr
    return getattr(importlib.import_module(target, __name__), new_name)
                   ^^^^^^^^^^^^^^^^^^^^^^^^^^^^^^^^^^^^^^^^^
  File "/home/jules/.pyenv/versions/3.12.13/lib/python3.12/importlib/__init__.py", line 90, in import_module
    return _bootstrap._gcd_import(name[level:], package, level)
           ^^^^^^^^^^^^^^^^^^^^^^^^^^^^^^^^^^^^^^^^^^^^^^^^^^^^
  File "<frozen importlib._bootstrap>", line 1387, in _gcd_import
  File "<frozen importlib._bootstrap>", line 1360, in _find_and_load
  File "<frozen importlib._bootstrap>", line 1331, in _find_and_load_unlocked
  File "<frozen importlib._bootstrap>", line 935, in _load_unlocked
  File "<frozen importlib._bootstrap_external>", line 999, in exec_module
  File "<frozen importlib._bootstrap>", line 488, in _call_with_frames_removed
  File "/home/jules/.pyenv/versions/3.12.13/lib/python3.12/site-packages/transformers/models/glpn/image_processing_glpn.py", line 34, in <module>
    from torchvision.transforms.v2 import functional as tvF
ModuleNotFoundError: No module named 'torchvision'
[transformers] Accessing `__path__` from `.models.glpn.image_processing_pil_glpn`. Returning `__path__` instead. Behavior may be different and this alias will be removed in future versions.
[transformers] Accessing `__path__` from `.models.got_ocr2.image_processing_got_ocr2`. Returning `__path__` instead. Behavior may be different and this alias will be removed in future versions.
2026-06-01 00:52:39.000 Examining the path of transformers.models.got_ocr2.image_processing_got_ocr2_fast raised:
Traceback (most recent call last):
  File "/home/jules/.pyenv/versions/3.12.13/lib/python3.12/site-packages/streamlit/watcher/local_sources_watcher.py", line 330, in get_module_paths
    potential_paths = extract_paths(module)
                      ^^^^^^^^^^^^^^^^^^^^^
  File "/home/jules/.pyenv/versions/3.12.13/lib/python3.12/site-packages/streamlit/watcher/local_sources_watcher.py", line 317, in <lambda>
    if hasattr(m, "__path__")
       ^^^^^^^^^^^^^^^^^^^^^^
  File "/home/jules/.pyenv/versions/3.12.13/lib/python3.12/site-packages/transformers/__init__.py", line 843, in _getattr
    return getattr(importlib.import_module(target, __name__), new_name)
                   ^^^^^^^^^^^^^^^^^^^^^^^^^^^^^^^^^^^^^^^^^
  File "/home/jules/.pyenv/versions/3.12.13/lib/python3.12/importlib/__init__.py", line 90, in import_module
    return _bootstrap._gcd_import(name[level:], package, level)
           ^^^^^^^^^^^^^^^^^^^^^^^^^^^^^^^^^^^^^^^^^^^^^^^^^^^^
  File "<frozen importlib._bootstrap>", line 1387, in _gcd_import
  File "<frozen importlib._bootstrap>", line 1360, in _find_and_load
  File "<frozen importlib._bootstrap>", line 1331, in _find_and_load_unlocked
  File "<frozen importlib._bootstrap>", line 935, in _load_unlocked
  File "<frozen importlib._bootstrap_external>", line 999, in exec_module
  File "<frozen importlib._bootstrap>", line 488, in _call_with_frames_removed
  File "/home/jules/.pyenv/versions/3.12.13/lib/python3.12/site-packages/transformers/models/got_ocr2/image_processing_got_ocr2.py", line 19, in <module>
    from torchvision.transforms.v2 import functional as tvF
ModuleNotFoundError: No module named 'torchvision'
[transformers] Accessing `__path__` from `.models.got_ocr2.image_processing_pil_got_ocr2`. Returning `__path__` instead. Behavior may be different and this alias will be removed in future versions.
[transformers] Accessing `__path__` from `.models.grounding_dino.image_processing_grounding_dino`. Returning `__path__` instead. Behavior may be different and this alias will be removed in future versions.
2026-06-01 00:52:39.008 Examining the path of transformers.models.grounding_dino.image_processing_grounding_dino_fast raised:
Traceback (most recent call last):
  File "/home/jules/.pyenv/versions/3.12.13/lib/python3.12/site-packages/streamlit/watcher/local_sources_watcher.py", line 330, in get_module_paths
    potential_paths = extract_paths(module)
                      ^^^^^^^^^^^^^^^^^^^^^
  File "/home/jules/.pyenv/versions/3.12.13/lib/python3.12/site-packages/streamlit/watcher/local_sources_watcher.py", line 317, in <lambda>
    if hasattr(m, "__path__")
       ^^^^^^^^^^^^^^^^^^^^^^
  File "/home/jules/.pyenv/versions/3.12.13/lib/python3.12/site-packages/transformers/__init__.py", line 843, in _getattr
    return getattr(importlib.import_module(target, __name__), new_name)
                   ^^^^^^^^^^^^^^^^^^^^^^^^^^^^^^^^^^^^^^^^^
  File "/home/jules/.pyenv/versions/3.12.13/lib/python3.12/importlib/__init__.py", line 90, in import_module
    return _bootstrap._gcd_import(name[level:], package, level)
           ^^^^^^^^^^^^^^^^^^^^^^^^^^^^^^^^^^^^^^^^^^^^^^^^^^^^
  File "<frozen importlib._bootstrap>", line 1387, in _gcd_import
  File "<frozen importlib._bootstrap>", line 1360, in _find_and_load
  File "<frozen importlib._bootstrap>", line 1331, in _find_and_load_unlocked
  File "<frozen importlib._bootstrap>", line 935, in _load_unlocked
  File "<frozen importlib._bootstrap_external>", line 999, in exec_module
  File "<frozen importlib._bootstrap>", line 488, in _call_with_frames_removed
  File "/home/jules/.pyenv/versions/3.12.13/lib/python3.12/site-packages/transformers/models/grounding_dino/image_processing_grounding_dino.py", line 30, in <module>
    from torchvision.io import read_image
ModuleNotFoundError: No module named 'torchvision'
[transformers] Accessing `__path__` from `.models.grounding_dino.image_processing_pil_grounding_dino`. Returning `__path__` instead. Behavior may be different and this alias will be removed in future versions.
[transformers] Accessing `__path__` from `.models.idefics.image_processing_idefics`. Returning `__path__` instead. Behavior may be different and this alias will be removed in future versions.
[transformers] Accessing `__path__` from `.models.idefics.image_processing_pil_idefics`. Returning `__path__` instead. Behavior may be different and this alias will be removed in future versions.
[transformers] Accessing `__path__` from `.models.idefics2.image_processing_idefics2`. Returning `__path__` instead. Behavior may be different and this alias will be removed in future versions.
2026-06-01 00:52:39.043 Examining the path of transformers.models.idefics2.image_processing_idefics2_fast raised:
Traceback (most recent call last):
  File "/home/jules/.pyenv/versions/3.12.13/lib/python3.12/site-packages/streamlit/watcher/local_sources_watcher.py", line 330, in get_module_paths
    potential_paths = extract_paths(module)
                      ^^^^^^^^^^^^^^^^^^^^^
  File "/home/jules/.pyenv/versions/3.12.13/lib/python3.12/site-packages/streamlit/watcher/local_sources_watcher.py", line 317, in <lambda>
    if hasattr(m, "__path__")
       ^^^^^^^^^^^^^^^^^^^^^^
  File "/home/jules/.pyenv/versions/3.12.13/lib/python3.12/site-packages/transformers/__init__.py", line 843, in _getattr
    return getattr(importlib.import_module(target, __name__), new_name)
                   ^^^^^^^^^^^^^^^^^^^^^^^^^^^^^^^^^^^^^^^^^
  File "/home/jules/.pyenv/versions/3.12.13/lib/python3.12/importlib/__init__.py", line 90, in import_module
    return _bootstrap._gcd_import(name[level:], package, level)
           ^^^^^^^^^^^^^^^^^^^^^^^^^^^^^^^^^^^^^^^^^^^^^^^^^^^^
  File "<frozen importlib._bootstrap>", line 1387, in _gcd_import
  File "<frozen importlib._bootstrap>", line 1360, in _find_and_load
  File "<frozen importlib._bootstrap>", line 1331, in _find_and_load_unlocked
  File "<frozen importlib._bootstrap>", line 935, in _load_unlocked
  File "<frozen importlib._bootstrap_external>", line 999, in exec_module
  File "<frozen importlib._bootstrap>", line 488, in _call_with_frames_removed
  File "/home/jules/.pyenv/versions/3.12.13/lib/python3.12/site-packages/transformers/models/idefics2/image_processing_idefics2.py", line 37, in <module>
    from torchvision.transforms.v2 import functional as tvF
ModuleNotFoundError: No module named 'torchvision'
[transformers] Accessing `__path__` from `.models.idefics2.image_processing_pil_idefics2`. Returning `__path__` instead. Behavior may be different and this alias will be removed in future versions.
[transformers] Accessing `__path__` from `.models.idefics3.image_processing_idefics3`. Returning `__path__` instead. Behavior may be different and this alias will be removed in future versions.
2026-06-01 00:52:39.057 Examining the path of transformers.models.idefics3.image_processing_idefics3_fast raised:
Traceback (most recent call last):
  File "/home/jules/.pyenv/versions/3.12.13/lib/python3.12/site-packages/streamlit/watcher/local_sources_watcher.py", line 330, in get_module_paths
    potential_paths = extract_paths(module)
                      ^^^^^^^^^^^^^^^^^^^^^
  File "/home/jules/.pyenv/versions/3.12.13/lib/python3.12/site-packages/streamlit/watcher/local_sources_watcher.py", line 317, in <lambda>
    if hasattr(m, "__path__")
       ^^^^^^^^^^^^^^^^^^^^^^
  File "/home/jules/.pyenv/versions/3.12.13/lib/python3.12/site-packages/transformers/__init__.py", line 843, in _getattr
    return getattr(importlib.import_module(target, __name__), new_name)
                   ^^^^^^^^^^^^^^^^^^^^^^^^^^^^^^^^^^^^^^^^^
  File "/home/jules/.pyenv/versions/3.12.13/lib/python3.12/importlib/__init__.py", line 90, in import_module
    return _bootstrap._gcd_import(name[level:], package, level)
           ^^^^^^^^^^^^^^^^^^^^^^^^^^^^^^^^^^^^^^^^^^^^^^^^^^^^
  File "<frozen importlib._bootstrap>", line 1387, in _gcd_import
  File "<frozen importlib._bootstrap>", line 1360, in _find_and_load
  File "<frozen importlib._bootstrap>", line 1331, in _find_and_load_unlocked
  File "<frozen importlib._bootstrap>", line 935, in _load_unlocked
  File "<frozen importlib._bootstrap_external>", line 999, in exec_module
  File "<frozen importlib._bootstrap>", line 488, in _call_with_frames_removed
  File "/home/jules/.pyenv/versions/3.12.13/lib/python3.12/site-packages/transformers/models/idefics3/image_processing_idefics3.py", line 20, in <module>
    from torchvision.transforms.v2 import functional as tvF
ModuleNotFoundError: No module named 'torchvision'
[transformers] Accessing `__path__` from `.models.idefics3.image_processing_pil_idefics3`. Returning `__path__` instead. Behavior may be different and this alias will be removed in future versions.
[transformers] Accessing `__path__` from `.models.imagegpt.image_processing_imagegpt`. Returning `__path__` instead. Behavior may be different and this alias will be removed in future versions.
2026-06-01 00:52:39.068 Examining the path of transformers.models.imagegpt.image_processing_imagegpt_fast raised:
Traceback (most recent call last):
  File "/home/jules/.pyenv/versions/3.12.13/lib/python3.12/site-packages/streamlit/watcher/local_sources_watcher.py", line 330, in get_module_paths
    potential_paths = extract_paths(module)
                      ^^^^^^^^^^^^^^^^^^^^^
  File "/home/jules/.pyenv/versions/3.12.13/lib/python3.12/site-packages/streamlit/watcher/local_sources_watcher.py", line 317, in <lambda>
    if hasattr(m, "__path__")
       ^^^^^^^^^^^^^^^^^^^^^^
  File "/home/jules/.pyenv/versions/3.12.13/lib/python3.12/site-packages/transformers/__init__.py", line 843, in _getattr
    return getattr(importlib.import_module(target, __name__), new_name)
                   ^^^^^^^^^^^^^^^^^^^^^^^^^^^^^^^^^^^^^^^^^
  File "/home/jules/.pyenv/versions/3.12.13/lib/python3.12/importlib/__init__.py", line 90, in import_module
    return _bootstrap._gcd_import(name[level:], package, level)
           ^^^^^^^^^^^^^^^^^^^^^^^^^^^^^^^^^^^^^^^^^^^^^^^^^^^^
  File "<frozen importlib._bootstrap>", line 1387, in _gcd_import
  File "<frozen importlib._bootstrap>", line 1360, in _find_and_load
  File "<frozen importlib._bootstrap>", line 1331, in _find_and_load_unlocked
  File "<frozen importlib._bootstrap>", line 935, in _load_unlocked
  File "<frozen importlib._bootstrap_external>", line 999, in exec_module
  File "<frozen importlib._bootstrap>", line 488, in _call_with_frames_removed
  File "/home/jules/.pyenv/versions/3.12.13/lib/python3.12/site-packages/transformers/models/imagegpt/image_processing_imagegpt.py", line 20, in <module>
    from torchvision.transforms.v2 import functional as tvF
ModuleNotFoundError: No module named 'torchvision'
[transformers] Accessing `__path__` from `.models.imagegpt.image_processing_pil_imagegpt`. Returning `__path__` instead. Behavior may be different and this alias will be removed in future versions.
[transformers] Accessing `__path__` from `.models.janus.image_processing_janus`. Returning `__path__` instead. Behavior may be different and this alias will be removed in future versions.
2026-06-01 00:52:39.076 Examining the path of transformers.models.janus.image_processing_janus_fast raised:
Traceback (most recent call last):
  File "/home/jules/.pyenv/versions/3.12.13/lib/python3.12/site-packages/streamlit/watcher/local_sources_watcher.py", line 330, in get_module_paths
    potential_paths = extract_paths(module)
                      ^^^^^^^^^^^^^^^^^^^^^
  File "/home/jules/.pyenv/versions/3.12.13/lib/python3.12/site-packages/streamlit/watcher/local_sources_watcher.py", line 317, in <lambda>
    if hasattr(m, "__path__")
       ^^^^^^^^^^^^^^^^^^^^^^
  File "/home/jules/.pyenv/versions/3.12.13/lib/python3.12/site-packages/transformers/__init__.py", line 843, in _getattr
    return getattr(importlib.import_module(target, __name__), new_name)
                   ^^^^^^^^^^^^^^^^^^^^^^^^^^^^^^^^^^^^^^^^^
  File "/home/jules/.pyenv/versions/3.12.13/lib/python3.12/importlib/__init__.py", line 90, in import_module
    return _bootstrap._gcd_import(name[level:], package, level)
           ^^^^^^^^^^^^^^^^^^^^^^^^^^^^^^^^^^^^^^^^^^^^^^^^^^^^
  File "<frozen importlib._bootstrap>", line 1387, in _gcd_import
  File "<frozen importlib._bootstrap>", line 1360, in _find_and_load
  File "<frozen importlib._bootstrap>", line 1331, in _find_and_load_unlocked
  File "<frozen importlib._bootstrap>", line 935, in _load_unlocked
  File "<frozen importlib._bootstrap_external>", line 999, in exec_module
  File "<frozen importlib._bootstrap>", line 488, in _call_with_frames_removed
  File "/home/jules/.pyenv/versions/3.12.13/lib/python3.12/site-packages/transformers/models/janus/image_processing_janus.py", line 17, in <module>
    import torchvision.transforms.v2.functional as tvF
ModuleNotFoundError: No module named 'torchvision'
[transformers] Accessing `__path__` from `.models.janus.image_processing_pil_janus`. Returning `__path__` instead. Behavior may be different and this alias will be removed in future versions.
[transformers] Accessing `__path__` from `.models.kosmos2_5.image_processing_kosmos2_5`. Returning `__path__` instead. Behavior may be different and this alias will be removed in future versions.
[transformers] Accessing `__path__` from `.models.kosmos2_5.image_processing_pil_kosmos2_5`. Returning `__path__` instead. Behavior may be different and this alias will be removed in future versions.
[transformers] Accessing `__path__` from `.models.layoutlmv2.image_processing_layoutlmv2`. Returning `__path__` instead. Behavior may be different and this alias will be removed in future versions.
2026-06-01 00:52:39.110 Examining the path of transformers.models.layoutlmv2.image_processing_layoutlmv2_fast raised:
Traceback (most recent call last):
  File "/home/jules/.pyenv/versions/3.12.13/lib/python3.12/site-packages/streamlit/watcher/local_sources_watcher.py", line 330, in get_module_paths
    potential_paths = extract_paths(module)
                      ^^^^^^^^^^^^^^^^^^^^^
  File "/home/jules/.pyenv/versions/3.12.13/lib/python3.12/site-packages/streamlit/watcher/local_sources_watcher.py", line 317, in <lambda>
    if hasattr(m, "__path__")
       ^^^^^^^^^^^^^^^^^^^^^^
  File "/home/jules/.pyenv/versions/3.12.13/lib/python3.12/site-packages/transformers/__init__.py", line 843, in _getattr
    return getattr(importlib.import_module(target, __name__), new_name)
                   ^^^^^^^^^^^^^^^^^^^^^^^^^^^^^^^^^^^^^^^^^
  File "/home/jules/.pyenv/versions/3.12.13/lib/python3.12/importlib/__init__.py", line 90, in import_module
    return _bootstrap._gcd_import(name[level:], package, level)
           ^^^^^^^^^^^^^^^^^^^^^^^^^^^^^^^^^^^^^^^^^^^^^^^^^^^^
  File "<frozen importlib._bootstrap>", line 1387, in _gcd_import
  File "<frozen importlib._bootstrap>", line 1360, in _find_and_load
  File "<frozen importlib._bootstrap>", line 1331, in _find_and_load_unlocked
  File "<frozen importlib._bootstrap>", line 935, in _load_unlocked
  File "<frozen importlib._bootstrap_external>", line 999, in exec_module
  File "<frozen importlib._bootstrap>", line 488, in _call_with_frames_removed
  File "/home/jules/.pyenv/versions/3.12.13/lib/python3.12/site-packages/transformers/models/layoutlmv2/image_processing_layoutlmv2.py", line 36, in <module>
    from torchvision.transforms.v2 import functional as tvF
ModuleNotFoundError: No module named 'torchvision'
[transformers] Accessing `__path__` from `.models.layoutlmv2.image_processing_pil_layoutlmv2`. Returning `__path__` instead. Behavior may be different and this alias will be removed in future versions.
[transformers] Accessing `__path__` from `.models.layoutlmv3.image_processing_layoutlmv3`. Returning `__path__` instead. Behavior may be different and this alias will be removed in future versions.
2026-06-01 00:52:39.122 Examining the path of transformers.models.layoutlmv3.image_processing_layoutlmv3_fast raised:
Traceback (most recent call last):
  File "/home/jules/.pyenv/versions/3.12.13/lib/python3.12/site-packages/streamlit/watcher/local_sources_watcher.py", line 330, in get_module_paths
    potential_paths = extract_paths(module)
                      ^^^^^^^^^^^^^^^^^^^^^
  File "/home/jules/.pyenv/versions/3.12.13/lib/python3.12/site-packages/streamlit/watcher/local_sources_watcher.py", line 317, in <lambda>
    if hasattr(m, "__path__")
       ^^^^^^^^^^^^^^^^^^^^^^
  File "/home/jules/.pyenv/versions/3.12.13/lib/python3.12/site-packages/transformers/__init__.py", line 843, in _getattr
    return getattr(importlib.import_module(target, __name__), new_name)
                   ^^^^^^^^^^^^^^^^^^^^^^^^^^^^^^^^^^^^^^^^^
  File "/home/jules/.pyenv/versions/3.12.13/lib/python3.12/importlib/__init__.py", line 90, in import_module
    return _bootstrap._gcd_import(name[level:], package, level)
           ^^^^^^^^^^^^^^^^^^^^^^^^^^^^^^^^^^^^^^^^^^^^^^^^^^^^
  File "<frozen importlib._bootstrap>", line 1387, in _gcd_import
  File "<frozen importlib._bootstrap>", line 1360, in _find_and_load
  File "<frozen importlib._bootstrap>", line 1331, in _find_and_load_unlocked
  File "<frozen importlib._bootstrap>", line 935, in _load_unlocked
  File "<frozen importlib._bootstrap_external>", line 999, in exec_module
  File "<frozen importlib._bootstrap>", line 488, in _call_with_frames_removed
  File "/home/jules/.pyenv/versions/3.12.13/lib/python3.12/site-packages/transformers/models/layoutlmv3/image_processing_layoutlmv3.py", line 42, in <module>
    from torchvision.transforms.v2 import functional as tvF
ModuleNotFoundError: No module named 'torchvision'
[transformers] Accessing `__path__` from `.models.layoutlmv3.image_processing_pil_layoutlmv3`. Returning `__path__` instead. Behavior may be different and this alias will be removed in future versions.
[transformers] Accessing `__path__` from `.models.levit.image_processing_levit`. Returning `__path__` instead. Behavior may be different and this alias will be removed in future versions.
2026-06-01 00:52:39.133 Examining the path of transformers.models.levit.image_processing_levit_fast raised:
Traceback (most recent call last):
  File "/home/jules/.pyenv/versions/3.12.13/lib/python3.12/site-packages/streamlit/watcher/local_sources_watcher.py", line 330, in get_module_paths
    potential_paths = extract_paths(module)
                      ^^^^^^^^^^^^^^^^^^^^^
  File "/home/jules/.pyenv/versions/3.12.13/lib/python3.12/site-packages/streamlit/watcher/local_sources_watcher.py", line 317, in <lambda>
    if hasattr(m, "__path__")
       ^^^^^^^^^^^^^^^^^^^^^^
  File "/home/jules/.pyenv/versions/3.12.13/lib/python3.12/site-packages/transformers/__init__.py", line 843, in _getattr
    return getattr(importlib.import_module(target, __name__), new_name)
                   ^^^^^^^^^^^^^^^^^^^^^^^^^^^^^^^^^^^^^^^^^
  File "/home/jules/.pyenv/versions/3.12.13/lib/python3.12/importlib/__init__.py", line 90, in import_module
    return _bootstrap._gcd_import(name[level:], package, level)
           ^^^^^^^^^^^^^^^^^^^^^^^^^^^^^^^^^^^^^^^^^^^^^^^^^^^^
  File "<frozen importlib._bootstrap>", line 1387, in _gcd_import
  File "<frozen importlib._bootstrap>", line 1360, in _find_and_load
  File "<frozen importlib._bootstrap>", line 1331, in _find_and_load_unlocked
  File "<frozen importlib._bootstrap>", line 935, in _load_unlocked
  File "<frozen importlib._bootstrap_external>", line 999, in exec_module
  File "<frozen importlib._bootstrap>", line 488, in _call_with_frames_removed
  File "/home/jules/.pyenv/versions/3.12.13/lib/python3.12/site-packages/transformers/models/levit/image_processing_levit.py", line 17, in <module>
    from torchvision.transforms.v2 import functional as tvF
ModuleNotFoundError: No module named 'torchvision'
[transformers] Accessing `__path__` from `.models.levit.image_processing_pil_levit`. Returning `__path__` instead. Behavior may be different and this alias will be removed in future versions.
[transformers] Accessing `__path__` from `.models.lfm2_vl.image_processing_lfm2_vl`. Returning `__path__` instead. Behavior may be different and this alias will be removed in future versions.
2026-06-01 00:52:39.139 Examining the path of transformers.models.lfm2_vl.image_processing_lfm2_vl_fast raised:
Traceback (most recent call last):
  File "/home/jules/.pyenv/versions/3.12.13/lib/python3.12/site-packages/streamlit/watcher/local_sources_watcher.py", line 330, in get_module_paths
    potential_paths = extract_paths(module)
                      ^^^^^^^^^^^^^^^^^^^^^
  File "/home/jules/.pyenv/versions/3.12.13/lib/python3.12/site-packages/streamlit/watcher/local_sources_watcher.py", line 317, in <lambda>
    if hasattr(m, "__path__")
       ^^^^^^^^^^^^^^^^^^^^^^
  File "/home/jules/.pyenv/versions/3.12.13/lib/python3.12/site-packages/transformers/__init__.py", line 843, in _getattr
    return getattr(importlib.import_module(target, __name__), new_name)
                   ^^^^^^^^^^^^^^^^^^^^^^^^^^^^^^^^^^^^^^^^^
  File "/home/jules/.pyenv/versions/3.12.13/lib/python3.12/importlib/__init__.py", line 90, in import_module
    return _bootstrap._gcd_import(name[level:], package, level)
           ^^^^^^^^^^^^^^^^^^^^^^^^^^^^^^^^^^^^^^^^^^^^^^^^^^^^
  File "<frozen importlib._bootstrap>", line 1387, in _gcd_import
  File "<frozen importlib._bootstrap>", line 1360, in _find_and_load
  File "<frozen importlib._bootstrap>", line 1331, in _find_and_load_unlocked
  File "<frozen importlib._bootstrap>", line 935, in _load_unlocked
  File "<frozen importlib._bootstrap_external>", line 999, in exec_module
  File "<frozen importlib._bootstrap>", line 488, in _call_with_frames_removed
  File "/home/jules/.pyenv/versions/3.12.13/lib/python3.12/site-packages/transformers/models/lfm2_vl/image_processing_lfm2_vl.py", line 18, in <module>
    from torchvision.transforms.v2 import functional as tvF
ModuleNotFoundError: No module named 'torchvision'
[transformers] Accessing `__path__` from `.models.lightglue.image_processing_lightglue`. Returning `__path__` instead. Behavior may be different and this alias will be removed in future versions.
2026-06-01 00:52:39.144 Examining the path of transformers.models.lightglue.image_processing_lightglue_fast raised:
Traceback (most recent call last):
  File "/home/jules/.pyenv/versions/3.12.13/lib/python3.12/site-packages/streamlit/watcher/local_sources_watcher.py", line 330, in get_module_paths
    potential_paths = extract_paths(module)
                      ^^^^^^^^^^^^^^^^^^^^^
  File "/home/jules/.pyenv/versions/3.12.13/lib/python3.12/site-packages/streamlit/watcher/local_sources_watcher.py", line 317, in <lambda>
    if hasattr(m, "__path__")
       ^^^^^^^^^^^^^^^^^^^^^^
  File "/home/jules/.pyenv/versions/3.12.13/lib/python3.12/site-packages/transformers/__init__.py", line 843, in _getattr
    return getattr(importlib.import_module(target, __name__), new_name)
                   ^^^^^^^^^^^^^^^^^^^^^^^^^^^^^^^^^^^^^^^^^
  File "/home/jules/.pyenv/versions/3.12.13/lib/python3.12/importlib/__init__.py", line 90, in import_module
    return _bootstrap._gcd_import(name[level:], package, level)
           ^^^^^^^^^^^^^^^^^^^^^^^^^^^^^^^^^^^^^^^^^^^^^^^^^^^^
  File "<frozen importlib._bootstrap>", line 1387, in _gcd_import
  File "<frozen importlib._bootstrap>", line 1360, in _find_and_load
  File "<frozen importlib._bootstrap>", line 1331, in _find_and_load_unlocked
  File "<frozen importlib._bootstrap>", line 935, in _load_unlocked
  File "<frozen importlib._bootstrap_external>", line 999, in exec_module
  File "<frozen importlib._bootstrap>", line 488, in _call_with_frames_removed
  File "/home/jules/.pyenv/versions/3.12.13/lib/python3.12/site-packages/transformers/models/lightglue/image_processing_lightglue.py", line 24, in <module>
    from torchvision.transforms.v2 import functional as tvF
ModuleNotFoundError: No module named 'torchvision'
[transformers] Accessing `__path__` from `.models.lightglue.image_processing_pil_lightglue`. Returning `__path__` instead. Behavior may be different and this alias will be removed in future versions.
[transformers] Accessing `__path__` from `.models.llama4.image_processing_llama4`. Returning `__path__` instead. Behavior may be different and this alias will be removed in future versions.
2026-06-01 00:52:39.157 Examining the path of transformers.models.llama4.image_processing_llama4_fast raised:
Traceback (most recent call last):
  File "/home/jules/.pyenv/versions/3.12.13/lib/python3.12/site-packages/streamlit/watcher/local_sources_watcher.py", line 330, in get_module_paths
    potential_paths = extract_paths(module)
                      ^^^^^^^^^^^^^^^^^^^^^
  File "/home/jules/.pyenv/versions/3.12.13/lib/python3.12/site-packages/streamlit/watcher/local_sources_watcher.py", line 317, in <lambda>
    if hasattr(m, "__path__")
       ^^^^^^^^^^^^^^^^^^^^^^
  File "/home/jules/.pyenv/versions/3.12.13/lib/python3.12/site-packages/transformers/__init__.py", line 843, in _getattr
    return getattr(importlib.import_module(target, __name__), new_name)
                   ^^^^^^^^^^^^^^^^^^^^^^^^^^^^^^^^^^^^^^^^^
  File "/home/jules/.pyenv/versions/3.12.13/lib/python3.12/importlib/__init__.py", line 90, in import_module
    return _bootstrap._gcd_import(name[level:], package, level)
           ^^^^^^^^^^^^^^^^^^^^^^^^^^^^^^^^^^^^^^^^^^^^^^^^^^^^
  File "<frozen importlib._bootstrap>", line 1387, in _gcd_import
  File "<frozen importlib._bootstrap>", line 1360, in _find_and_load
  File "<frozen importlib._bootstrap>", line 1331, in _find_and_load_unlocked
  File "<frozen importlib._bootstrap>", line 935, in _load_unlocked
  File "<frozen importlib._bootstrap_external>", line 999, in exec_module
  File "<frozen importlib._bootstrap>", line 488, in _call_with_frames_removed
  File "/home/jules/.pyenv/versions/3.12.13/lib/python3.12/site-packages/transformers/models/llama4/image_processing_llama4.py", line 21, in <module>
    from torchvision.transforms.v2 import functional as tvF
ModuleNotFoundError: No module named 'torchvision'
[transformers] Accessing `__path__` from `.models.llava.image_processing_llava`. Returning `__path__` instead. Behavior may be different and this alias will be removed in future versions.
2026-06-01 00:52:39.161 Examining the path of transformers.models.llava.image_processing_llava_fast raised:
Traceback (most recent call last):
  File "/home/jules/.pyenv/versions/3.12.13/lib/python3.12/site-packages/streamlit/watcher/local_sources_watcher.py", line 330, in get_module_paths
    potential_paths = extract_paths(module)
                      ^^^^^^^^^^^^^^^^^^^^^
  File "/home/jules/.pyenv/versions/3.12.13/lib/python3.12/site-packages/streamlit/watcher/local_sources_watcher.py", line 317, in <lambda>
    if hasattr(m, "__path__")
       ^^^^^^^^^^^^^^^^^^^^^^
  File "/home/jules/.pyenv/versions/3.12.13/lib/python3.12/site-packages/transformers/__init__.py", line 843, in _getattr
    return getattr(importlib.import_module(target, __name__), new_name)
                   ^^^^^^^^^^^^^^^^^^^^^^^^^^^^^^^^^^^^^^^^^
  File "/home/jules/.pyenv/versions/3.12.13/lib/python3.12/importlib/__init__.py", line 90, in import_module
    return _bootstrap._gcd_import(name[level:], package, level)
           ^^^^^^^^^^^^^^^^^^^^^^^^^^^^^^^^^^^^^^^^^^^^^^^^^^^^
  File "<frozen importlib._bootstrap>", line 1387, in _gcd_import
  File "<frozen importlib._bootstrap>", line 1360, in _find_and_load
  File "<frozen importlib._bootstrap>", line 1331, in _find_and_load_unlocked
  File "<frozen importlib._bootstrap>", line 935, in _load_unlocked
  File "<frozen importlib._bootstrap_external>", line 999, in exec_module
  File "<frozen importlib._bootstrap>", line 488, in _call_with_frames_removed
  File "/home/jules/.pyenv/versions/3.12.13/lib/python3.12/site-packages/transformers/models/llava/image_processing_llava.py", line 19, in <module>
    from torchvision.transforms.v2 import functional as tvF
ModuleNotFoundError: No module named 'torchvision'
[transformers] Accessing `__path__` from `.models.llava.image_processing_pil_llava`. Returning `__path__` instead. Behavior may be different and this alias will be removed in future versions.
[transformers] Accessing `__path__` from `.models.llava_next.image_processing_llava_next`. Returning `__path__` instead. Behavior may be different and this alias will be removed in future versions.
2026-06-01 00:52:39.166 Examining the path of transformers.models.llava_next.image_processing_llava_next_fast raised:
Traceback (most recent call last):
  File "/home/jules/.pyenv/versions/3.12.13/lib/python3.12/site-packages/streamlit/watcher/local_sources_watcher.py", line 330, in get_module_paths
    potential_paths = extract_paths(module)
                      ^^^^^^^^^^^^^^^^^^^^^
  File "/home/jules/.pyenv/versions/3.12.13/lib/python3.12/site-packages/streamlit/watcher/local_sources_watcher.py", line 317, in <lambda>
    if hasattr(m, "__path__")
       ^^^^^^^^^^^^^^^^^^^^^^
  File "/home/jules/.pyenv/versions/3.12.13/lib/python3.12/site-packages/transformers/__init__.py", line 843, in _getattr
    return getattr(importlib.import_module(target, __name__), new_name)
                   ^^^^^^^^^^^^^^^^^^^^^^^^^^^^^^^^^^^^^^^^^
  File "/home/jules/.pyenv/versions/3.12.13/lib/python3.12/importlib/__init__.py", line 90, in import_module
    return _bootstrap._gcd_import(name[level:], package, level)
           ^^^^^^^^^^^^^^^^^^^^^^^^^^^^^^^^^^^^^^^^^^^^^^^^^^^^
  File "<frozen importlib._bootstrap>", line 1387, in _gcd_import
  File "<frozen importlib._bootstrap>", line 1360, in _find_and_load
  File "<frozen importlib._bootstrap>", line 1331, in _find_and_load_unlocked
  File "<frozen importlib._bootstrap>", line 935, in _load_unlocked
  File "<frozen importlib._bootstrap_external>", line 999, in exec_module
  File "<frozen importlib._bootstrap>", line 488, in _call_with_frames_removed
  File "/home/jules/.pyenv/versions/3.12.13/lib/python3.12/site-packages/transformers/models/llava_next/image_processing_llava_next.py", line 19, in <module>
    from torchvision.transforms.v2 import functional as tvF
ModuleNotFoundError: No module named 'torchvision'
[transformers] Accessing `__path__` from `.models.llava_next.image_processing_pil_llava_next`. Returning `__path__` instead. Behavior may be different and this alias will be removed in future versions.
[transformers] Accessing `__path__` from `.models.llava_onevision.image_processing_llava_onevision`. Returning `__path__` instead. Behavior may be different and this alias will be removed in future versions.
2026-06-01 00:52:39.176 Examining the path of transformers.models.llava_onevision.image_processing_llava_onevision_fast raised:
Traceback (most recent call last):
  File "/home/jules/.pyenv/versions/3.12.13/lib/python3.12/site-packages/streamlit/watcher/local_sources_watcher.py", line 330, in get_module_paths
    potential_paths = extract_paths(module)
                      ^^^^^^^^^^^^^^^^^^^^^
  File "/home/jules/.pyenv/versions/3.12.13/lib/python3.12/site-packages/streamlit/watcher/local_sources_watcher.py", line 317, in <lambda>
    if hasattr(m, "__path__")
       ^^^^^^^^^^^^^^^^^^^^^^
  File "/home/jules/.pyenv/versions/3.12.13/lib/python3.12/site-packages/transformers/__init__.py", line 843, in _getattr
    return getattr(importlib.import_module(target, __name__), new_name)
                   ^^^^^^^^^^^^^^^^^^^^^^^^^^^^^^^^^^^^^^^^^
  File "/home/jules/.pyenv/versions/3.12.13/lib/python3.12/importlib/__init__.py", line 90, in import_module
    return _bootstrap._gcd_import(name[level:], package, level)
           ^^^^^^^^^^^^^^^^^^^^^^^^^^^^^^^^^^^^^^^^^^^^^^^^^^^^
  File "<frozen importlib._bootstrap>", line 1387, in _gcd_import
  File "<frozen importlib._bootstrap>", line 1360, in _find_and_load
  File "<frozen importlib._bootstrap>", line 1331, in _find_and_load_unlocked
  File "<frozen importlib._bootstrap>", line 935, in _load_unlocked
  File "<frozen importlib._bootstrap_external>", line 999, in exec_module
  File "<frozen importlib._bootstrap>", line 488, in _call_with_frames_removed
  File "/home/jules/.pyenv/versions/3.12.13/lib/python3.12/site-packages/transformers/models/llava_onevision/image_processing_llava_onevision.py", line 24, in <module>
    import torchvision.transforms.v2.functional as tvF
ModuleNotFoundError: No module named 'torchvision'
[transformers] Accessing `__path__` from `.models.llava_onevision.image_processing_pil_llava_onevision`. Returning `__path__` instead. Behavior may be different and this alias will be removed in future versions.
[transformers] Accessing `__path__` from `.models.mask2former.image_processing_mask2former`. Returning `__path__` instead. Behavior may be different and this alias will be removed in future versions.
2026-06-01 00:52:39.188 Examining the path of transformers.models.mask2former.image_processing_mask2former_fast raised:
Traceback (most recent call last):
  File "/home/jules/.pyenv/versions/3.12.13/lib/python3.12/site-packages/streamlit/watcher/local_sources_watcher.py", line 330, in get_module_paths
    potential_paths = extract_paths(module)
                      ^^^^^^^^^^^^^^^^^^^^^
  File "/home/jules/.pyenv/versions/3.12.13/lib/python3.12/site-packages/streamlit/watcher/local_sources_watcher.py", line 317, in <lambda>
    if hasattr(m, "__path__")
       ^^^^^^^^^^^^^^^^^^^^^^
  File "/home/jules/.pyenv/versions/3.12.13/lib/python3.12/site-packages/transformers/__init__.py", line 843, in _getattr
    return getattr(importlib.import_module(target, __name__), new_name)
                   ^^^^^^^^^^^^^^^^^^^^^^^^^^^^^^^^^^^^^^^^^
  File "/home/jules/.pyenv/versions/3.12.13/lib/python3.12/importlib/__init__.py", line 90, in import_module
    return _bootstrap._gcd_import(name[level:], package, level)
           ^^^^^^^^^^^^^^^^^^^^^^^^^^^^^^^^^^^^^^^^^^^^^^^^^^^^
  File "<frozen importlib._bootstrap>", line 1387, in _gcd_import
  File "<frozen importlib._bootstrap>", line 1360, in _find_and_load
  File "<frozen importlib._bootstrap>", line 1331, in _find_and_load_unlocked
  File "<frozen importlib._bootstrap>", line 935, in _load_unlocked
  File "<frozen importlib._bootstrap_external>", line 999, in exec_module
  File "<frozen importlib._bootstrap>", line 488, in _call_with_frames_removed
  File "/home/jules/.pyenv/versions/3.12.13/lib/python3.12/site-packages/transformers/models/mask2former/image_processing_mask2former.py", line 27, in <module>
    from torchvision.transforms.v2 import functional as tvF
ModuleNotFoundError: No module named 'torchvision'
[transformers] Accessing `__path__` from `.models.mask2former.image_processing_pil_mask2former`. Returning `__path__` instead. Behavior may be different and this alias will be removed in future versions.
[transformers] Accessing `__path__` from `.models.maskformer.image_processing_maskformer`. Returning `__path__` instead. Behavior may be different and this alias will be removed in future versions.
2026-06-01 00:52:39.203 Examining the path of transformers.models.maskformer.image_processing_maskformer_fast raised:
Traceback (most recent call last):
  File "/home/jules/.pyenv/versions/3.12.13/lib/python3.12/site-packages/streamlit/watcher/local_sources_watcher.py", line 330, in get_module_paths
    potential_paths = extract_paths(module)
                      ^^^^^^^^^^^^^^^^^^^^^
  File "/home/jules/.pyenv/versions/3.12.13/lib/python3.12/site-packages/streamlit/watcher/local_sources_watcher.py", line 317, in <lambda>
    if hasattr(m, "__path__")
       ^^^^^^^^^^^^^^^^^^^^^^
  File "/home/jules/.pyenv/versions/3.12.13/lib/python3.12/site-packages/transformers/__init__.py", line 843, in _getattr
    return getattr(importlib.import_module(target, __name__), new_name)
                   ^^^^^^^^^^^^^^^^^^^^^^^^^^^^^^^^^^^^^^^^^
  File "/home/jules/.pyenv/versions/3.12.13/lib/python3.12/importlib/__init__.py", line 90, in import_module
    return _bootstrap._gcd_import(name[level:], package, level)
           ^^^^^^^^^^^^^^^^^^^^^^^^^^^^^^^^^^^^^^^^^^^^^^^^^^^^
  File "<frozen importlib._bootstrap>", line 1387, in _gcd_import
  File "<frozen importlib._bootstrap>", line 1360, in _find_and_load
  File "<frozen importlib._bootstrap>", line 1331, in _find_and_load_unlocked
  File "<frozen importlib._bootstrap>", line 935, in _load_unlocked
  File "<frozen importlib._bootstrap_external>", line 999, in exec_module
  File "<frozen importlib._bootstrap>", line 488, in _call_with_frames_removed
  File "/home/jules/.pyenv/versions/3.12.13/lib/python3.12/site-packages/transformers/models/maskformer/image_processing_maskformer.py", line 22, in <module>
    from torchvision.transforms.v2 import functional as tvF
ModuleNotFoundError: No module named 'torchvision'
[transformers] Accessing `__path__` from `.models.maskformer.image_processing_pil_maskformer`. Returning `__path__` instead. Behavior may be different and this alias will be removed in future versions.
[transformers] Accessing `__path__` from `.models.minicpmv4_6.image_processing_minicpmv4_6`. Returning `__path__` instead. Behavior may be different and this alias will be removed in future versions.
[transformers] Accessing `__path__` from `.models.minicpmv4_6.image_processing_pil_minicpmv4_6`. Returning `__path__` instead. Behavior may be different and this alias will be removed in future versions.
[transformers] Accessing `__path__` from `.models.mllama.image_processing_mllama`. Returning `__path__` instead. Behavior may be different and this alias will be removed in future versions.
2026-06-01 00:52:39.235 Examining the path of transformers.models.mllama.image_processing_mllama_fast raised:
Traceback (most recent call last):
  File "/home/jules/.pyenv/versions/3.12.13/lib/python3.12/site-packages/streamlit/watcher/local_sources_watcher.py", line 330, in get_module_paths
    potential_paths = extract_paths(module)
                      ^^^^^^^^^^^^^^^^^^^^^
  File "/home/jules/.pyenv/versions/3.12.13/lib/python3.12/site-packages/streamlit/watcher/local_sources_watcher.py", line 317, in <lambda>
    if hasattr(m, "__path__")
       ^^^^^^^^^^^^^^^^^^^^^^
  File "/home/jules/.pyenv/versions/3.12.13/lib/python3.12/site-packages/transformers/__init__.py", line 843, in _getattr
    return getattr(importlib.import_module(target, __name__), new_name)
                   ^^^^^^^^^^^^^^^^^^^^^^^^^^^^^^^^^^^^^^^^^
  File "/home/jules/.pyenv/versions/3.12.13/lib/python3.12/importlib/__init__.py", line 90, in import_module
    return _bootstrap._gcd_import(name[level:], package, level)
           ^^^^^^^^^^^^^^^^^^^^^^^^^^^^^^^^^^^^^^^^^^^^^^^^^^^^
  File "<frozen importlib._bootstrap>", line 1387, in _gcd_import
  File "<frozen importlib._bootstrap>", line 1360, in _find_and_load
  File "<frozen importlib._bootstrap>", line 1331, in _find_and_load_unlocked
  File "<frozen importlib._bootstrap>", line 935, in _load_unlocked
  File "<frozen importlib._bootstrap_external>", line 999, in exec_module
  File "<frozen importlib._bootstrap>", line 488, in _call_with_frames_removed
  File "/home/jules/.pyenv/versions/3.12.13/lib/python3.12/site-packages/transformers/models/mllama/image_processing_mllama.py", line 40, in <module>
    from torchvision.transforms.v2 import functional as tvF
ModuleNotFoundError: No module named 'torchvision'
[transformers] Accessing `__path__` from `.models.mllama.image_processing_pil_mllama`. Returning `__path__` instead. Behavior may be different and this alias will be removed in future versions.
[transformers] Accessing `__path__` from `.models.mobilenet_v1.image_processing_mobilenet_v1`. Returning `__path__` instead. Behavior may be different and this alias will be removed in future versions.
[transformers] Accessing `__path__` from `.models.mobilenet_v1.image_processing_pil_mobilenet_v1`. Returning `__path__` instead. Behavior may be different and this alias will be removed in future versions.
[transformers] Accessing `__path__` from `.models.mobilenet_v2.image_processing_mobilenet_v2`. Returning `__path__` instead. Behavior may be different and this alias will be removed in future versions.
2026-06-01 00:52:39.256 Examining the path of transformers.models.mobilenet_v2.image_processing_mobilenet_v2_fast raised:
Traceback (most recent call last):
  File "/home/jules/.pyenv/versions/3.12.13/lib/python3.12/site-packages/streamlit/watcher/local_sources_watcher.py", line 330, in get_module_paths
    potential_paths = extract_paths(module)
                      ^^^^^^^^^^^^^^^^^^^^^
  File "/home/jules/.pyenv/versions/3.12.13/lib/python3.12/site-packages/streamlit/watcher/local_sources_watcher.py", line 317, in <lambda>
    if hasattr(m, "__path__")
       ^^^^^^^^^^^^^^^^^^^^^^
  File "/home/jules/.pyenv/versions/3.12.13/lib/python3.12/site-packages/transformers/__init__.py", line 843, in _getattr
    return getattr(importlib.import_module(target, __name__), new_name)
                   ^^^^^^^^^^^^^^^^^^^^^^^^^^^^^^^^^^^^^^^^^
  File "/home/jules/.pyenv/versions/3.12.13/lib/python3.12/importlib/__init__.py", line 90, in import_module
    return _bootstrap._gcd_import(name[level:], package, level)
           ^^^^^^^^^^^^^^^^^^^^^^^^^^^^^^^^^^^^^^^^^^^^^^^^^^^^
  File "<frozen importlib._bootstrap>", line 1387, in _gcd_import
  File "<frozen importlib._bootstrap>", line 1360, in _find_and_load
  File "<frozen importlib._bootstrap>", line 1331, in _find_and_load_unlocked
  File "<frozen importlib._bootstrap>", line 935, in _load_unlocked
  File "<frozen importlib._bootstrap_external>", line 999, in exec_module
  File "<frozen importlib._bootstrap>", line 488, in _call_with_frames_removed
  File "/home/jules/.pyenv/versions/3.12.13/lib/python3.12/site-packages/transformers/models/mobilenet_v2/image_processing_mobilenet_v2.py", line 19, in <module>
    from torchvision.transforms.v2 import functional as tvF
ModuleNotFoundError: No module named 'torchvision'
[transformers] Accessing `__path__` from `.models.mobilenet_v2.image_processing_pil_mobilenet_v2`. Returning `__path__` instead. Behavior may be different and this alias will be removed in future versions.
[transformers] Accessing `__path__` from `.models.mobilevit.image_processing_mobilevit`. Returning `__path__` instead. Behavior may be different and this alias will be removed in future versions.
2026-06-01 00:52:39.267 Examining the path of transformers.models.mobilevit.image_processing_mobilevit_fast raised:
Traceback (most recent call last):
  File "/home/jules/.pyenv/versions/3.12.13/lib/python3.12/site-packages/streamlit/watcher/local_sources_watcher.py", line 330, in get_module_paths
    potential_paths = extract_paths(module)
                      ^^^^^^^^^^^^^^^^^^^^^
  File "/home/jules/.pyenv/versions/3.12.13/lib/python3.12/site-packages/streamlit/watcher/local_sources_watcher.py", line 317, in <lambda>
    if hasattr(m, "__path__")
       ^^^^^^^^^^^^^^^^^^^^^^
  File "/home/jules/.pyenv/versions/3.12.13/lib/python3.12/site-packages/transformers/__init__.py", line 843, in _getattr
    return getattr(importlib.import_module(target, __name__), new_name)
                   ^^^^^^^^^^^^^^^^^^^^^^^^^^^^^^^^^^^^^^^^^
  File "/home/jules/.pyenv/versions/3.12.13/lib/python3.12/importlib/__init__.py", line 90, in import_module
    return _bootstrap._gcd_import(name[level:], package, level)
           ^^^^^^^^^^^^^^^^^^^^^^^^^^^^^^^^^^^^^^^^^^^^^^^^^^^^
  File "<frozen importlib._bootstrap>", line 1387, in _gcd_import
  File "<frozen importlib._bootstrap>", line 1360, in _find_and_load
  File "<frozen importlib._bootstrap>", line 1331, in _find_and_load_unlocked
  File "<frozen importlib._bootstrap>", line 935, in _load_unlocked
  File "<frozen importlib._bootstrap_external>", line 999, in exec_module
  File "<frozen importlib._bootstrap>", line 488, in _call_with_frames_removed
  File "/home/jules/.pyenv/versions/3.12.13/lib/python3.12/site-packages/transformers/models/mobilevit/image_processing_mobilevit.py", line 19, in <module>
    from torchvision.transforms.v2 import functional as tvF
ModuleNotFoundError: No module named 'torchvision'
[transformers] Accessing `__path__` from `.models.mobilevit.image_processing_pil_mobilevit`. Returning `__path__` instead. Behavior may be different and this alias will be removed in future versions.
[transformers] Accessing `__path__` from `.models.nougat.image_processing_nougat`. Returning `__path__` instead. Behavior may be different and this alias will be removed in future versions.
2026-06-01 00:52:39.277 Examining the path of transformers.models.nougat.image_processing_nougat_fast raised:
Traceback (most recent call last):
  File "/home/jules/.pyenv/versions/3.12.13/lib/python3.12/site-packages/streamlit/watcher/local_sources_watcher.py", line 330, in get_module_paths
    potential_paths = extract_paths(module)
                      ^^^^^^^^^^^^^^^^^^^^^
  File "/home/jules/.pyenv/versions/3.12.13/lib/python3.12/site-packages/streamlit/watcher/local_sources_watcher.py", line 317, in <lambda>
    if hasattr(m, "__path__")
       ^^^^^^^^^^^^^^^^^^^^^^
  File "/home/jules/.pyenv/versions/3.12.13/lib/python3.12/site-packages/transformers/__init__.py", line 843, in _getattr
    return getattr(importlib.import_module(target, __name__), new_name)
                   ^^^^^^^^^^^^^^^^^^^^^^^^^^^^^^^^^^^^^^^^^
  File "/home/jules/.pyenv/versions/3.12.13/lib/python3.12/importlib/__init__.py", line 90, in import_module
    return _bootstrap._gcd_import(name[level:], package, level)
           ^^^^^^^^^^^^^^^^^^^^^^^^^^^^^^^^^^^^^^^^^^^^^^^^^^^^
  File "<frozen importlib._bootstrap>", line 1387, in _gcd_import
  File "<frozen importlib._bootstrap>", line 1360, in _find_and_load
  File "<frozen importlib._bootstrap>", line 1331, in _find_and_load_unlocked
  File "<frozen importlib._bootstrap>", line 935, in _load_unlocked
  File "<frozen importlib._bootstrap_external>", line 999, in exec_module
  File "<frozen importlib._bootstrap>", line 488, in _call_with_frames_removed
  File "/home/jules/.pyenv/versions/3.12.13/lib/python3.12/site-packages/transformers/models/nougat/image_processing_nougat.py", line 17, in <module>
    from torchvision.transforms.v2 import functional as tvF
ModuleNotFoundError: No module named 'torchvision'
[transformers] Accessing `__path__` from `.models.nougat.image_processing_pil_nougat`. Returning `__path__` instead. Behavior may be different and this alias will be removed in future versions.
[transformers] Accessing `__path__` from `.models.oneformer.image_processing_oneformer`. Returning `__path__` instead. Behavior may be different and this alias will be removed in future versions.
2026-06-01 00:52:39.290 Examining the path of transformers.models.oneformer.image_processing_oneformer_fast raised:
Traceback (most recent call last):
  File "/home/jules/.pyenv/versions/3.12.13/lib/python3.12/site-packages/streamlit/watcher/local_sources_watcher.py", line 330, in get_module_paths
    potential_paths = extract_paths(module)
                      ^^^^^^^^^^^^^^^^^^^^^
  File "/home/jules/.pyenv/versions/3.12.13/lib/python3.12/site-packages/streamlit/watcher/local_sources_watcher.py", line 317, in <lambda>
    if hasattr(m, "__path__")
       ^^^^^^^^^^^^^^^^^^^^^^
  File "/home/jules/.pyenv/versions/3.12.13/lib/python3.12/site-packages/transformers/__init__.py", line 843, in _getattr
    return getattr(importlib.import_module(target, __name__), new_name)
                   ^^^^^^^^^^^^^^^^^^^^^^^^^^^^^^^^^^^^^^^^^
  File "/home/jules/.pyenv/versions/3.12.13/lib/python3.12/importlib/__init__.py", line 90, in import_module
    return _bootstrap._gcd_import(name[level:], package, level)
           ^^^^^^^^^^^^^^^^^^^^^^^^^^^^^^^^^^^^^^^^^^^^^^^^^^^^
  File "<frozen importlib._bootstrap>", line 1387, in _gcd_import
  File "<frozen importlib._bootstrap>", line 1360, in _find_and_load
  File "<frozen importlib._bootstrap>", line 1331, in _find_and_load_unlocked
  File "<frozen importlib._bootstrap>", line 935, in _load_unlocked
  File "<frozen importlib._bootstrap_external>", line 999, in exec_module
  File "<frozen importlib._bootstrap>", line 488, in _call_with_frames_removed
  File "/home/jules/.pyenv/versions/3.12.13/lib/python3.12/site-packages/transformers/models/oneformer/image_processing_oneformer.py", line 22, in <module>
    from torchvision.transforms.v2 import functional as tvF
ModuleNotFoundError: No module named 'torchvision'
[transformers] Accessing `__path__` from `.models.oneformer.image_processing_pil_oneformer`. Returning `__path__` instead. Behavior may be different and this alias will be removed in future versions.
[transformers] Accessing `__path__` from `.models.ovis2.image_processing_ovis2`. Returning `__path__` instead. Behavior may be different and this alias will be removed in future versions.
2026-06-01 00:52:39.304 Examining the path of transformers.models.ovis2.image_processing_ovis2_fast raised:
Traceback (most recent call last):
  File "/home/jules/.pyenv/versions/3.12.13/lib/python3.12/site-packages/streamlit/watcher/local_sources_watcher.py", line 330, in get_module_paths
    potential_paths = extract_paths(module)
                      ^^^^^^^^^^^^^^^^^^^^^
  File "/home/jules/.pyenv/versions/3.12.13/lib/python3.12/site-packages/streamlit/watcher/local_sources_watcher.py", line 317, in <lambda>
    if hasattr(m, "__path__")
       ^^^^^^^^^^^^^^^^^^^^^^
  File "/home/jules/.pyenv/versions/3.12.13/lib/python3.12/site-packages/transformers/__init__.py", line 843, in _getattr
    return getattr(importlib.import_module(target, __name__), new_name)
                   ^^^^^^^^^^^^^^^^^^^^^^^^^^^^^^^^^^^^^^^^^
  File "/home/jules/.pyenv/versions/3.12.13/lib/python3.12/importlib/__init__.py", line 90, in import_module
    return _bootstrap._gcd_import(name[level:], package, level)
           ^^^^^^^^^^^^^^^^^^^^^^^^^^^^^^^^^^^^^^^^^^^^^^^^^^^^
  File "<frozen importlib._bootstrap>", line 1387, in _gcd_import
  File "<frozen importlib._bootstrap>", line 1360, in _find_and_load
  File "<frozen importlib._bootstrap>", line 1331, in _find_and_load_unlocked
  File "<frozen importlib._bootstrap>", line 935, in _load_unlocked
  File "<frozen importlib._bootstrap_external>", line 999, in exec_module
  File "<frozen importlib._bootstrap>", line 488, in _call_with_frames_removed
  File "/home/jules/.pyenv/versions/3.12.13/lib/python3.12/site-packages/transformers/models/ovis2/image_processing_ovis2.py", line 19, in <module>
    from torchvision.transforms.v2 import functional as tvF
ModuleNotFoundError: No module named 'torchvision'
[transformers] Accessing `__path__` from `.models.ovis2.image_processing_pil_ovis2`. Returning `__path__` instead. Behavior may be different and this alias will be removed in future versions.
[transformers] Accessing `__path__` from `.models.owlv2.image_processing_owlv2`. Returning `__path__` instead. Behavior may be different and this alias will be removed in future versions.
2026-06-01 00:52:39.321 Examining the path of transformers.models.owlv2.image_processing_owlv2_fast raised:
Traceback (most recent call last):
  File "/home/jules/.pyenv/versions/3.12.13/lib/python3.12/site-packages/streamlit/watcher/local_sources_watcher.py", line 330, in get_module_paths
    potential_paths = extract_paths(module)
                      ^^^^^^^^^^^^^^^^^^^^^
  File "/home/jules/.pyenv/versions/3.12.13/lib/python3.12/site-packages/streamlit/watcher/local_sources_watcher.py", line 317, in <lambda>
    if hasattr(m, "__path__")
       ^^^^^^^^^^^^^^^^^^^^^^
  File "/home/jules/.pyenv/versions/3.12.13/lib/python3.12/site-packages/transformers/__init__.py", line 843, in _getattr
    return getattr(importlib.import_module(target, __name__), new_name)
                   ^^^^^^^^^^^^^^^^^^^^^^^^^^^^^^^^^^^^^^^^^
  File "/home/jules/.pyenv/versions/3.12.13/lib/python3.12/importlib/__init__.py", line 90, in import_module
    return _bootstrap._gcd_import(name[level:], package, level)
           ^^^^^^^^^^^^^^^^^^^^^^^^^^^^^^^^^^^^^^^^^^^^^^^^^^^^
  File "<frozen importlib._bootstrap>", line 1387, in _gcd_import
  File "<frozen importlib._bootstrap>", line 1360, in _find_and_load
  File "<frozen importlib._bootstrap>", line 1331, in _find_and_load_unlocked
  File "<frozen importlib._bootstrap>", line 935, in _load_unlocked
  File "<frozen importlib._bootstrap_external>", line 999, in exec_module
  File "<frozen importlib._bootstrap>", line 488, in _call_with_frames_removed
  File "/home/jules/.pyenv/versions/3.12.13/lib/python3.12/site-packages/transformers/models/owlv2/image_processing_owlv2.py", line 25, in <module>
    import torchvision.transforms.v2.functional as tvF
ModuleNotFoundError: No module named 'torchvision'
[transformers] Accessing `__path__` from `.models.owlv2.image_processing_pil_owlv2`. Returning `__path__` instead. Behavior may be different and this alias will be removed in future versions.
[transformers] Accessing `__path__` from `.models.owlvit.image_processing_owlvit`. Returning `__path__` instead. Behavior may be different and this alias will be removed in future versions.
[transformers] Accessing `__path__` from `.models.owlvit.image_processing_pil_owlvit`. Returning `__path__` instead. Behavior may be different and this alias will be removed in future versions.
[transformers] Accessing `__path__` from `.models.paddleocr_vl.image_processing_paddleocr_vl`. Returning `__path__` instead. Behavior may be different and this alias will be removed in future versions.
[transformers] Accessing `__path__` from `.models.paddleocr_vl.image_processing_pil_paddleocr_vl`. Returning `__path__` instead. Behavior may be different and this alias will be removed in future versions.
[transformers] Accessing `__path__` from `.models.perceiver.image_processing_perceiver`. Returning `__path__` instead. Behavior may be different and this alias will be removed in future versions.
2026-06-01 00:52:39.349 Examining the path of transformers.models.perceiver.image_processing_perceiver_fast raised:
Traceback (most recent call last):
  File "/home/jules/.pyenv/versions/3.12.13/lib/python3.12/site-packages/streamlit/watcher/local_sources_watcher.py", line 330, in get_module_paths
    potential_paths = extract_paths(module)
                      ^^^^^^^^^^^^^^^^^^^^^
  File "/home/jules/.pyenv/versions/3.12.13/lib/python3.12/site-packages/streamlit/watcher/local_sources_watcher.py", line 317, in <lambda>
    if hasattr(m, "__path__")
       ^^^^^^^^^^^^^^^^^^^^^^
  File "/home/jules/.pyenv/versions/3.12.13/lib/python3.12/site-packages/transformers/__init__.py", line 843, in _getattr
    return getattr(importlib.import_module(target, __name__), new_name)
                   ^^^^^^^^^^^^^^^^^^^^^^^^^^^^^^^^^^^^^^^^^
  File "/home/jules/.pyenv/versions/3.12.13/lib/python3.12/importlib/__init__.py", line 90, in import_module
    return _bootstrap._gcd_import(name[level:], package, level)
           ^^^^^^^^^^^^^^^^^^^^^^^^^^^^^^^^^^^^^^^^^^^^^^^^^^^^
  File "<frozen importlib._bootstrap>", line 1387, in _gcd_import
  File "<frozen importlib._bootstrap>", line 1360, in _find_and_load
  File "<frozen importlib._bootstrap>", line 1331, in _find_and_load_unlocked
  File "<frozen importlib._bootstrap>", line 935, in _load_unlocked
  File "<frozen importlib._bootstrap_external>", line 999, in exec_module
  File "<frozen importlib._bootstrap>", line 488, in _call_with_frames_removed
  File "/home/jules/.pyenv/versions/3.12.13/lib/python3.12/site-packages/transformers/models/perceiver/image_processing_perceiver.py", line 17, in <module>
    from torchvision.transforms.v2 import functional as tvF
ModuleNotFoundError: No module named 'torchvision'
[transformers] Accessing `__path__` from `.models.perceiver.image_processing_pil_perceiver`. Returning `__path__` instead. Behavior may be different and this alias will be removed in future versions.
[transformers] Accessing `__path__` from `.models.perception_lm.image_processing_perception_lm`. Returning `__path__` instead. Behavior may be different and this alias will be removed in future versions.
2026-06-01 00:52:39.354 Examining the path of transformers.models.perception_lm.image_processing_perception_lm_fast raised:
Traceback (most recent call last):
  File "/home/jules/.pyenv/versions/3.12.13/lib/python3.12/site-packages/streamlit/watcher/local_sources_watcher.py", line 330, in get_module_paths
    potential_paths = extract_paths(module)
                      ^^^^^^^^^^^^^^^^^^^^^
  File "/home/jules/.pyenv/versions/3.12.13/lib/python3.12/site-packages/streamlit/watcher/local_sources_watcher.py", line 317, in <lambda>
    if hasattr(m, "__path__")
       ^^^^^^^^^^^^^^^^^^^^^^
  File "/home/jules/.pyenv/versions/3.12.13/lib/python3.12/site-packages/transformers/__init__.py", line 843, in _getattr
    return getattr(importlib.import_module(target, __name__), new_name)
                   ^^^^^^^^^^^^^^^^^^^^^^^^^^^^^^^^^^^^^^^^^
  File "/home/jules/.pyenv/versions/3.12.13/lib/python3.12/importlib/__init__.py", line 90, in import_module
    return _bootstrap._gcd_import(name[level:], package, level)
           ^^^^^^^^^^^^^^^^^^^^^^^^^^^^^^^^^^^^^^^^^^^^^^^^^^^^
  File "<frozen importlib._bootstrap>", line 1387, in _gcd_import
  File "<frozen importlib._bootstrap>", line 1360, in _find_and_load
  File "<frozen importlib._bootstrap>", line 1331, in _find_and_load_unlocked
  File "<frozen importlib._bootstrap>", line 935, in _load_unlocked
  File "<frozen importlib._bootstrap_external>", line 999, in exec_module
  File "<frozen importlib._bootstrap>", line 488, in _call_with_frames_removed
  File "/home/jules/.pyenv/versions/3.12.13/lib/python3.12/site-packages/transformers/models/perception_lm/image_processing_perception_lm.py", line 19, in <module>
    from torchvision.transforms.v2 import functional as tvF
ModuleNotFoundError: No module named 'torchvision'
[transformers] Accessing `__path__` from `.models.phi4_multimodal.image_processing_phi4_multimodal`. Returning `__path__` instead. Behavior may be different and this alias will be removed in future versions.
2026-06-01 00:52:39.359 Examining the path of transformers.models.phi4_multimodal.image_processing_phi4_multimodal_fast raised:
Traceback (most recent call last):
  File "/home/jules/.pyenv/versions/3.12.13/lib/python3.12/site-packages/streamlit/watcher/local_sources_watcher.py", line 330, in get_module_paths
    potential_paths = extract_paths(module)
                      ^^^^^^^^^^^^^^^^^^^^^
  File "/home/jules/.pyenv/versions/3.12.13/lib/python3.12/site-packages/streamlit/watcher/local_sources_watcher.py", line 317, in <lambda>
    if hasattr(m, "__path__")
       ^^^^^^^^^^^^^^^^^^^^^^
  File "/home/jules/.pyenv/versions/3.12.13/lib/python3.12/site-packages/transformers/__init__.py", line 843, in _getattr
    return getattr(importlib.import_module(target, __name__), new_name)
                   ^^^^^^^^^^^^^^^^^^^^^^^^^^^^^^^^^^^^^^^^^
  File "/home/jules/.pyenv/versions/3.12.13/lib/python3.12/importlib/__init__.py", line 90, in import_module
    return _bootstrap._gcd_import(name[level:], package, level)
           ^^^^^^^^^^^^^^^^^^^^^^^^^^^^^^^^^^^^^^^^^^^^^^^^^^^^
  File "<frozen importlib._bootstrap>", line 1387, in _gcd_import
  File "<frozen importlib._bootstrap>", line 1360, in _find_and_load
  File "<frozen importlib._bootstrap>", line 1331, in _find_and_load_unlocked
  File "<frozen importlib._bootstrap>", line 935, in _load_unlocked
  File "<frozen importlib._bootstrap_external>", line 999, in exec_module
  File "<frozen importlib._bootstrap>", line 488, in _call_with_frames_removed
  File "/home/jules/.pyenv/versions/3.12.13/lib/python3.12/site-packages/transformers/models/phi4_multimodal/image_processing_phi4_multimodal.py", line 19, in <module>
    from torchvision.transforms.v2 import functional as tvF
ModuleNotFoundError: No module named 'torchvision'
[transformers] Accessing `__path__` from `.models.pi0.image_processing_pi0`. Returning `__path__` instead. Behavior may be different and this alias will be removed in future versions.
[transformers] Accessing `__path__` from `.models.pix2struct.image_processing_pil_pix2struct`. Returning `__path__` instead. Behavior may be different and this alias will be removed in future versions.
[transformers] Accessing `__path__` from `.models.pix2struct.image_processing_pix2struct`. Returning `__path__` instead. Behavior may be different and this alias will be removed in future versions.
2026-06-01 00:52:39.377 Examining the path of transformers.models.pix2struct.image_processing_pix2struct_fast raised:
Traceback (most recent call last):
  File "/home/jules/.pyenv/versions/3.12.13/lib/python3.12/site-packages/streamlit/watcher/local_sources_watcher.py", line 330, in get_module_paths
    potential_paths = extract_paths(module)
                      ^^^^^^^^^^^^^^^^^^^^^
  File "/home/jules/.pyenv/versions/3.12.13/lib/python3.12/site-packages/streamlit/watcher/local_sources_watcher.py", line 317, in <lambda>
    if hasattr(m, "__path__")
       ^^^^^^^^^^^^^^^^^^^^^^
  File "/home/jules/.pyenv/versions/3.12.13/lib/python3.12/site-packages/transformers/__init__.py", line 843, in _getattr
    return getattr(importlib.import_module(target, __name__), new_name)
                   ^^^^^^^^^^^^^^^^^^^^^^^^^^^^^^^^^^^^^^^^^
  File "/home/jules/.pyenv/versions/3.12.13/lib/python3.12/importlib/__init__.py", line 90, in import_module
    return _bootstrap._gcd_import(name[level:], package, level)
           ^^^^^^^^^^^^^^^^^^^^^^^^^^^^^^^^^^^^^^^^^^^^^^^^^^^^
  File "<frozen importlib._bootstrap>", line 1387, in _gcd_import
  File "<frozen importlib._bootstrap>", line 1360, in _find_and_load
  File "<frozen importlib._bootstrap>", line 1331, in _find_and_load_unlocked
  File "<frozen importlib._bootstrap>", line 935, in _load_unlocked
  File "<frozen importlib._bootstrap_external>", line 999, in exec_module
  File "<frozen importlib._bootstrap>", line 488, in _call_with_frames_removed
  File "/home/jules/.pyenv/versions/3.12.13/lib/python3.12/site-packages/transformers/models/pix2struct/image_processing_pix2struct.py", line 21, in <module>
    import torchvision.transforms.v2.functional as tvF
ModuleNotFoundError: No module named 'torchvision'
[transformers] Accessing `__path__` from `.models.pixtral.image_processing_pil_pixtral`. Returning `__path__` instead. Behavior may be different and this alias will be removed in future versions.
[transformers] Accessing `__path__` from `.models.pixtral.image_processing_pixtral`. Returning `__path__` instead. Behavior may be different and this alias will be removed in future versions.
2026-06-01 00:52:39.386 Examining the path of transformers.models.pixtral.image_processing_pixtral_fast raised:
Traceback (most recent call last):
  File "/home/jules/.pyenv/versions/3.12.13/lib/python3.12/site-packages/streamlit/watcher/local_sources_watcher.py", line 330, in get_module_paths
    potential_paths = extract_paths(module)
                      ^^^^^^^^^^^^^^^^^^^^^
  File "/home/jules/.pyenv/versions/3.12.13/lib/python3.12/site-packages/streamlit/watcher/local_sources_watcher.py", line 317, in <lambda>
    if hasattr(m, "__path__")
       ^^^^^^^^^^^^^^^^^^^^^^
  File "/home/jules/.pyenv/versions/3.12.13/lib/python3.12/site-packages/transformers/__init__.py", line 843, in _getattr
    return getattr(importlib.import_module(target, __name__), new_name)
                   ^^^^^^^^^^^^^^^^^^^^^^^^^^^^^^^^^^^^^^^^^
  File "/home/jules/.pyenv/versions/3.12.13/lib/python3.12/importlib/__init__.py", line 90, in import_module
    return _bootstrap._gcd_import(name[level:], package, level)
           ^^^^^^^^^^^^^^^^^^^^^^^^^^^^^^^^^^^^^^^^^^^^^^^^^^^^
  File "<frozen importlib._bootstrap>", line 1387, in _gcd_import
  File "<frozen importlib._bootstrap>", line 1360, in _find_and_load
  File "<frozen importlib._bootstrap>", line 1331, in _find_and_load_unlocked
  File "<frozen importlib._bootstrap>", line 935, in _load_unlocked
  File "<frozen importlib._bootstrap_external>", line 999, in exec_module
  File "<frozen importlib._bootstrap>", line 488, in _call_with_frames_removed
  File "/home/jules/.pyenv/versions/3.12.13/lib/python3.12/site-packages/transformers/models/pixtral/image_processing_pixtral.py", line 19, in <module>
    from torchvision.transforms.v2 import functional as tvF
ModuleNotFoundError: No module named 'torchvision'
[transformers] Accessing `__path__` from `.models.poolformer.image_processing_pil_poolformer`. Returning `__path__` instead. Behavior may be different and this alias will be removed in future versions.
[transformers] Accessing `__path__` from `.models.poolformer.image_processing_poolformer`. Returning `__path__` instead. Behavior may be different and this alias will be removed in future versions.
2026-06-01 00:52:39.392 Examining the path of transformers.models.poolformer.image_processing_poolformer_fast raised:
Traceback (most recent call last):
  File "/home/jules/.pyenv/versions/3.12.13/lib/python3.12/site-packages/streamlit/watcher/local_sources_watcher.py", line 330, in get_module_paths
    potential_paths = extract_paths(module)
                      ^^^^^^^^^^^^^^^^^^^^^
  File "/home/jules/.pyenv/versions/3.12.13/lib/python3.12/site-packages/streamlit/watcher/local_sources_watcher.py", line 317, in <lambda>
    if hasattr(m, "__path__")
       ^^^^^^^^^^^^^^^^^^^^^^
  File "/home/jules/.pyenv/versions/3.12.13/lib/python3.12/site-packages/transformers/__init__.py", line 843, in _getattr
    return getattr(importlib.import_module(target, __name__), new_name)
                   ^^^^^^^^^^^^^^^^^^^^^^^^^^^^^^^^^^^^^^^^^
  File "/home/jules/.pyenv/versions/3.12.13/lib/python3.12/importlib/__init__.py", line 90, in import_module
    return _bootstrap._gcd_import(name[level:], package, level)
           ^^^^^^^^^^^^^^^^^^^^^^^^^^^^^^^^^^^^^^^^^^^^^^^^^^^^
  File "<frozen importlib._bootstrap>", line 1387, in _gcd_import
  File "<frozen importlib._bootstrap>", line 1360, in _find_and_load
  File "<frozen importlib._bootstrap>", line 1331, in _find_and_load_unlocked
  File "<frozen importlib._bootstrap>", line 935, in _load_unlocked
  File "<frozen importlib._bootstrap_external>", line 999, in exec_module
  File "<frozen importlib._bootstrap>", line 488, in _call_with_frames_removed
  File "/home/jules/.pyenv/versions/3.12.13/lib/python3.12/site-packages/transformers/models/poolformer/image_processing_poolformer.py", line 17, in <module>
    from torchvision.transforms.v2 import functional as tvF
ModuleNotFoundError: No module named 'torchvision'
[transformers] Accessing `__path__` from `.models.pp_chart2table.image_processing_pil_pp_chart2table`. Returning `__path__` instead. Behavior may be different and this alias will be removed in future versions.
[transformers] Accessing `__path__` from `.models.pp_chart2table.image_processing_pp_chart2table`. Returning `__path__` instead. Behavior may be different and this alias will be removed in future versions.
[transformers] Accessing `__path__` from `.models.pp_doclayout_v2.image_processing_pp_doclayout_v2`. Returning `__path__` instead. Behavior may be different and this alias will be removed in future versions.
2026-06-01 00:52:39.400 Examining the path of transformers.models.pp_doclayout_v2.image_processing_pp_doclayout_v2_fast raised:
Traceback (most recent call last):
  File "/home/jules/.pyenv/versions/3.12.13/lib/python3.12/site-packages/streamlit/watcher/local_sources_watcher.py", line 330, in get_module_paths
    potential_paths = extract_paths(module)
                      ^^^^^^^^^^^^^^^^^^^^^
  File "/home/jules/.pyenv/versions/3.12.13/lib/python3.12/site-packages/streamlit/watcher/local_sources_watcher.py", line 317, in <lambda>
    if hasattr(m, "__path__")
       ^^^^^^^^^^^^^^^^^^^^^^
  File "/home/jules/.pyenv/versions/3.12.13/lib/python3.12/site-packages/transformers/__init__.py", line 843, in _getattr
    return getattr(importlib.import_module(target, __name__), new_name)
                   ^^^^^^^^^^^^^^^^^^^^^^^^^^^^^^^^^^^^^^^^^
  File "/home/jules/.pyenv/versions/3.12.13/lib/python3.12/importlib/__init__.py", line 90, in import_module
    return _bootstrap._gcd_import(name[level:], package, level)
           ^^^^^^^^^^^^^^^^^^^^^^^^^^^^^^^^^^^^^^^^^^^^^^^^^^^^
  File "<frozen importlib._bootstrap>", line 1387, in _gcd_import
  File "<frozen importlib._bootstrap>", line 1360, in _find_and_load
  File "<frozen importlib._bootstrap>", line 1331, in _find_and_load_unlocked
  File "<frozen importlib._bootstrap>", line 935, in _load_unlocked
  File "<frozen importlib._bootstrap_external>", line 999, in exec_module
  File "<frozen importlib._bootstrap>", line 488, in _call_with_frames_removed
  File "/home/jules/.pyenv/versions/3.12.13/lib/python3.12/site-packages/transformers/models/pp_doclayout_v2/image_processing_pp_doclayout_v2.py", line 23, in <module>
    from torchvision.transforms.v2 import functional as tvF
ModuleNotFoundError: No module named 'torchvision'
[transformers] Accessing `__path__` from `.models.pp_doclayout_v3.image_processing_pp_doclayout_v3`. Returning `__path__` instead. Behavior may be different and this alias will be removed in future versions.
2026-06-01 00:52:39.405 Examining the path of transformers.models.pp_doclayout_v3.image_processing_pp_doclayout_v3_fast raised:
Traceback (most recent call last):
  File "/home/jules/.pyenv/versions/3.12.13/lib/python3.12/site-packages/streamlit/watcher/local_sources_watcher.py", line 330, in get_module_paths
    potential_paths = extract_paths(module)
                      ^^^^^^^^^^^^^^^^^^^^^
  File "/home/jules/.pyenv/versions/3.12.13/lib/python3.12/site-packages/streamlit/watcher/local_sources_watcher.py", line 317, in <lambda>
    if hasattr(m, "__path__")
       ^^^^^^^^^^^^^^^^^^^^^^
  File "/home/jules/.pyenv/versions/3.12.13/lib/python3.12/site-packages/transformers/__init__.py", line 843, in _getattr
    return getattr(importlib.import_module(target, __name__), new_name)
                   ^^^^^^^^^^^^^^^^^^^^^^^^^^^^^^^^^^^^^^^^^
  File "/home/jules/.pyenv/versions/3.12.13/lib/python3.12/importlib/__init__.py", line 90, in import_module
    return _bootstrap._gcd_import(name[level:], package, level)
           ^^^^^^^^^^^^^^^^^^^^^^^^^^^^^^^^^^^^^^^^^^^^^^^^^^^^
  File "<frozen importlib._bootstrap>", line 1387, in _gcd_import
  File "<frozen importlib._bootstrap>", line 1360, in _find_and_load
  File "<frozen importlib._bootstrap>", line 1331, in _find_and_load_unlocked
  File "<frozen importlib._bootstrap>", line 935, in _load_unlocked
  File "<frozen importlib._bootstrap_external>", line 999, in exec_module
  File "<frozen importlib._bootstrap>", line 488, in _call_with_frames_removed
  File "/home/jules/.pyenv/versions/3.12.13/lib/python3.12/site-packages/transformers/models/pp_doclayout_v3/image_processing_pp_doclayout_v3.py", line 24, in <module>
    from torchvision.transforms.v2 import functional as tvF
ModuleNotFoundError: No module named 'torchvision'
[transformers] Accessing `__path__` from `.models.pp_formulanet.image_processing_pp_formulanet`. Returning `__path__` instead. Behavior may be different and this alias will be removed in future versions.
2026-06-01 00:52:39.409 Examining the path of transformers.models.pp_formulanet.image_processing_pp_formulanet_fast raised:
Traceback (most recent call last):
  File "/home/jules/.pyenv/versions/3.12.13/lib/python3.12/site-packages/streamlit/watcher/local_sources_watcher.py", line 330, in get_module_paths
    potential_paths = extract_paths(module)
                      ^^^^^^^^^^^^^^^^^^^^^
  File "/home/jules/.pyenv/versions/3.12.13/lib/python3.12/site-packages/streamlit/watcher/local_sources_watcher.py", line 317, in <lambda>
    if hasattr(m, "__path__")
       ^^^^^^^^^^^^^^^^^^^^^^
  File "/home/jules/.pyenv/versions/3.12.13/lib/python3.12/site-packages/transformers/__init__.py", line 843, in _getattr
    return getattr(importlib.import_module(target, __name__), new_name)
                   ^^^^^^^^^^^^^^^^^^^^^^^^^^^^^^^^^^^^^^^^^
  File "/home/jules/.pyenv/versions/3.12.13/lib/python3.12/importlib/__init__.py", line 90, in import_module
    return _bootstrap._gcd_import(name[level:], package, level)
           ^^^^^^^^^^^^^^^^^^^^^^^^^^^^^^^^^^^^^^^^^^^^^^^^^^^^
  File "<frozen importlib._bootstrap>", line 1387, in _gcd_import
  File "<frozen importlib._bootstrap>", line 1360, in _find_and_load
  File "<frozen importlib._bootstrap>", line 1331, in _find_and_load_unlocked
  File "<frozen importlib._bootstrap>", line 935, in _load_unlocked
  File "<frozen importlib._bootstrap_external>", line 999, in exec_module
  File "<frozen importlib._bootstrap>", line 488, in _call_with_frames_removed
  File "/home/jules/.pyenv/versions/3.12.13/lib/python3.12/site-packages/transformers/models/pp_formulanet/image_processing_pp_formulanet.py", line 23, in <module>
    from torchvision.transforms.v2 import functional as tvF
ModuleNotFoundError: No module named 'torchvision'
[transformers] Accessing `__path__` from `.models.pp_lcnet.image_processing_pp_lcnet`. Returning `__path__` instead. Behavior may be different and this alias will be removed in future versions.
2026-06-01 00:52:39.412 Examining the path of transformers.models.pp_lcnet.image_processing_pp_lcnet_fast raised:
Traceback (most recent call last):
  File "/home/jules/.pyenv/versions/3.12.13/lib/python3.12/site-packages/streamlit/watcher/local_sources_watcher.py", line 330, in get_module_paths
    potential_paths = extract_paths(module)
                      ^^^^^^^^^^^^^^^^^^^^^
  File "/home/jules/.pyenv/versions/3.12.13/lib/python3.12/site-packages/streamlit/watcher/local_sources_watcher.py", line 317, in <lambda>
    if hasattr(m, "__path__")
       ^^^^^^^^^^^^^^^^^^^^^^
  File "/home/jules/.pyenv/versions/3.12.13/lib/python3.12/site-packages/transformers/__init__.py", line 843, in _getattr
    return getattr(importlib.import_module(target, __name__), new_name)
                   ^^^^^^^^^^^^^^^^^^^^^^^^^^^^^^^^^^^^^^^^^
  File "/home/jules/.pyenv/versions/3.12.13/lib/python3.12/importlib/__init__.py", line 90, in import_module
    return _bootstrap._gcd_import(name[level:], package, level)
           ^^^^^^^^^^^^^^^^^^^^^^^^^^^^^^^^^^^^^^^^^^^^^^^^^^^^
  File "<frozen importlib._bootstrap>", line 1387, in _gcd_import
  File "<frozen importlib._bootstrap>", line 1360, in _find_and_load
  File "<frozen importlib._bootstrap>", line 1331, in _find_and_load_unlocked
  File "<frozen importlib._bootstrap>", line 935, in _load_unlocked
  File "<frozen importlib._bootstrap_external>", line 999, in exec_module
  File "<frozen importlib._bootstrap>", line 488, in _call_with_frames_removed
  File "/home/jules/.pyenv/versions/3.12.13/lib/python3.12/site-packages/transformers/models/pp_lcnet/image_processing_pp_lcnet.py", line 24, in <module>
    import torchvision.transforms.v2.functional as tvF
ModuleNotFoundError: No module named 'torchvision'
[transformers] Accessing `__path__` from `.models.pp_ocrv5_server_det.image_processing_pp_ocrv5_server_det`. Returning `__path__` instead. Behavior may be different and this alias will be removed in future versions.
2026-06-01 00:52:39.416 Examining the path of transformers.models.pp_ocrv5_server_det.image_processing_pp_ocrv5_server_det_fast raised:
Traceback (most recent call last):
  File "/home/jules/.pyenv/versions/3.12.13/lib/python3.12/site-packages/streamlit/watcher/local_sources_watcher.py", line 330, in get_module_paths
    potential_paths = extract_paths(module)
                      ^^^^^^^^^^^^^^^^^^^^^
  File "/home/jules/.pyenv/versions/3.12.13/lib/python3.12/site-packages/streamlit/watcher/local_sources_watcher.py", line 317, in <lambda>
    if hasattr(m, "__path__")
       ^^^^^^^^^^^^^^^^^^^^^^
  File "/home/jules/.pyenv/versions/3.12.13/lib/python3.12/site-packages/transformers/__init__.py", line 843, in _getattr
    return getattr(importlib.import_module(target, __name__), new_name)
                   ^^^^^^^^^^^^^^^^^^^^^^^^^^^^^^^^^^^^^^^^^
  File "/home/jules/.pyenv/versions/3.12.13/lib/python3.12/importlib/__init__.py", line 90, in import_module
    return _bootstrap._gcd_import(name[level:], package, level)
           ^^^^^^^^^^^^^^^^^^^^^^^^^^^^^^^^^^^^^^^^^^^^^^^^^^^^
  File "<frozen importlib._bootstrap>", line 1387, in _gcd_import
  File "<frozen importlib._bootstrap>", line 1360, in _find_and_load
  File "<frozen importlib._bootstrap>", line 1331, in _find_and_load_unlocked
  File "<frozen importlib._bootstrap>", line 935, in _load_unlocked
  File "<frozen importlib._bootstrap_external>", line 999, in exec_module
  File "<frozen importlib._bootstrap>", line 488, in _call_with_frames_removed
  File "/home/jules/.pyenv/versions/3.12.13/lib/python3.12/site-packages/transformers/models/pp_ocrv5_server_det/image_processing_pp_ocrv5_server_det.py", line 25, in <module>
    import torchvision.transforms.v2.functional as tvF
ModuleNotFoundError: No module named 'torchvision'
[transformers] Accessing `__path__` from `.models.pp_ocrv5_server_rec.image_processing_pp_ocrv5_server_rec`. Returning `__path__` instead. Behavior may be different and this alias will be removed in future versions.
2026-06-01 00:52:39.419 Examining the path of transformers.models.pp_ocrv5_server_rec.image_processing_pp_ocrv5_server_rec_fast raised:
Traceback (most recent call last):
  File "/home/jules/.pyenv/versions/3.12.13/lib/python3.12/site-packages/streamlit/watcher/local_sources_watcher.py", line 330, in get_module_paths
    potential_paths = extract_paths(module)
                      ^^^^^^^^^^^^^^^^^^^^^
  File "/home/jules/.pyenv/versions/3.12.13/lib/python3.12/site-packages/streamlit/watcher/local_sources_watcher.py", line 317, in <lambda>
    if hasattr(m, "__path__")
       ^^^^^^^^^^^^^^^^^^^^^^
  File "/home/jules/.pyenv/versions/3.12.13/lib/python3.12/site-packages/transformers/__init__.py", line 843, in _getattr
    return getattr(importlib.import_module(target, __name__), new_name)
                   ^^^^^^^^^^^^^^^^^^^^^^^^^^^^^^^^^^^^^^^^^
  File "/home/jules/.pyenv/versions/3.12.13/lib/python3.12/importlib/__init__.py", line 90, in import_module
    return _bootstrap._gcd_import(name[level:], package, level)
           ^^^^^^^^^^^^^^^^^^^^^^^^^^^^^^^^^^^^^^^^^^^^^^^^^^^^
  File "<frozen importlib._bootstrap>", line 1387, in _gcd_import
  File "<frozen importlib._bootstrap>", line 1360, in _find_and_load
  File "<frozen importlib._bootstrap>", line 1331, in _find_and_load_unlocked
  File "<frozen importlib._bootstrap>", line 935, in _load_unlocked
  File "<frozen importlib._bootstrap_external>", line 999, in exec_module
  File "<frozen importlib._bootstrap>", line 488, in _call_with_frames_removed
  File "/home/jules/.pyenv/versions/3.12.13/lib/python3.12/site-packages/transformers/models/pp_ocrv5_server_rec/image_processing_pp_ocrv5_server_rec.py", line 24, in <module>
    import torchvision.transforms.v2.functional as tvF
ModuleNotFoundError: No module named 'torchvision'
[transformers] Accessing `__path__` from `.models.prompt_depth_anything.image_processing_pil_prompt_depth_anything`. Returning `__path__` instead. Behavior may be different and this alias will be removed in future versions.
[transformers] Accessing `__path__` from `.models.prompt_depth_anything.image_processing_prompt_depth_anything`. Returning `__path__` instead. Behavior may be different and this alias will be removed in future versions.
2026-06-01 00:52:39.429 Examining the path of transformers.models.prompt_depth_anything.image_processing_prompt_depth_anything_fast raised:
Traceback (most recent call last):
  File "/home/jules/.pyenv/versions/3.12.13/lib/python3.12/site-packages/streamlit/watcher/local_sources_watcher.py", line 330, in get_module_paths
    potential_paths = extract_paths(module)
                      ^^^^^^^^^^^^^^^^^^^^^
  File "/home/jules/.pyenv/versions/3.12.13/lib/python3.12/site-packages/streamlit/watcher/local_sources_watcher.py", line 317, in <lambda>
    if hasattr(m, "__path__")
       ^^^^^^^^^^^^^^^^^^^^^^
  File "/home/jules/.pyenv/versions/3.12.13/lib/python3.12/site-packages/transformers/__init__.py", line 843, in _getattr
    return getattr(importlib.import_module(target, __name__), new_name)
                   ^^^^^^^^^^^^^^^^^^^^^^^^^^^^^^^^^^^^^^^^^
  File "/home/jules/.pyenv/versions/3.12.13/lib/python3.12/importlib/__init__.py", line 90, in import_module
    return _bootstrap._gcd_import(name[level:], package, level)
           ^^^^^^^^^^^^^^^^^^^^^^^^^^^^^^^^^^^^^^^^^^^^^^^^^^^^
  File "<frozen importlib._bootstrap>", line 1387, in _gcd_import
  File "<frozen importlib._bootstrap>", line 1360, in _find_and_load
  File "<frozen importlib._bootstrap>", line 1331, in _find_and_load_unlocked
  File "<frozen importlib._bootstrap>", line 935, in _load_unlocked
  File "<frozen importlib._bootstrap_external>", line 999, in exec_module
  File "<frozen importlib._bootstrap>", line 488, in _call_with_frames_removed
  File "/home/jules/.pyenv/versions/3.12.13/lib/python3.12/site-packages/transformers/models/prompt_depth_anything/image_processing_prompt_depth_anything.py", line 42, in <module>
    from torchvision.transforms.v2 import functional as tvF
ModuleNotFoundError: No module named 'torchvision'
[transformers] Accessing `__path__` from `.models.pvt.image_processing_pil_pvt`. Returning `__path__` instead. Behavior may be different and this alias will be removed in future versions.
[transformers] Accessing `__path__` from `.models.pvt.image_processing_pvt`. Returning `__path__` instead. Behavior may be different and this alias will be removed in future versions.
[transformers] Accessing `__path__` from `.models.qwen2_vl.image_processing_pil_qwen2_vl`. Returning `__path__` instead. Behavior may be different and this alias will be removed in future versions.
[transformers] Accessing `__path__` from `.models.qwen2_vl.image_processing_qwen2_vl`. Returning `__path__` instead. Behavior may be different and this alias will be removed in future versions.
2026-06-01 00:52:39.454 Examining the path of transformers.models.qwen2_vl.image_processing_qwen2_vl_fast raised:
Traceback (most recent call last):
  File "/home/jules/.pyenv/versions/3.12.13/lib/python3.12/site-packages/streamlit/watcher/local_sources_watcher.py", line 330, in get_module_paths
    potential_paths = extract_paths(module)
                      ^^^^^^^^^^^^^^^^^^^^^
  File "/home/jules/.pyenv/versions/3.12.13/lib/python3.12/site-packages/streamlit/watcher/local_sources_watcher.py", line 317, in <lambda>
    if hasattr(m, "__path__")
       ^^^^^^^^^^^^^^^^^^^^^^
  File "/home/jules/.pyenv/versions/3.12.13/lib/python3.12/site-packages/transformers/__init__.py", line 843, in _getattr
    return getattr(importlib.import_module(target, __name__), new_name)
                   ^^^^^^^^^^^^^^^^^^^^^^^^^^^^^^^^^^^^^^^^^
  File "/home/jules/.pyenv/versions/3.12.13/lib/python3.12/importlib/__init__.py", line 90, in import_module
    return _bootstrap._gcd_import(name[level:], package, level)
           ^^^^^^^^^^^^^^^^^^^^^^^^^^^^^^^^^^^^^^^^^^^^^^^^^^^^
  File "<frozen importlib._bootstrap>", line 1387, in _gcd_import
  File "<frozen importlib._bootstrap>", line 1360, in _find_and_load
  File "<frozen importlib._bootstrap>", line 1331, in _find_and_load_unlocked
  File "<frozen importlib._bootstrap>", line 935, in _load_unlocked
  File "<frozen importlib._bootstrap_external>", line 999, in exec_module
  File "<frozen importlib._bootstrap>", line 488, in _call_with_frames_removed
  File "/home/jules/.pyenv/versions/3.12.13/lib/python3.12/site-packages/transformers/models/qwen2_vl/image_processing_qwen2_vl.py", line 25, in <module>
    from torchvision.transforms.v2 import functional as tvF
ModuleNotFoundError: No module named 'torchvision'
[transformers] Accessing `__path__` from `.models.rf_detr.image_processing_rf_detr`. Returning `__path__` instead. Behavior may be different and this alias will be removed in future versions.
2026-06-01 00:52:39.459 Examining the path of transformers.models.rf_detr.image_processing_rf_detr_fast raised:
Traceback (most recent call last):
  File "/home/jules/.pyenv/versions/3.12.13/lib/python3.12/site-packages/streamlit/watcher/local_sources_watcher.py", line 330, in get_module_paths
    potential_paths = extract_paths(module)
                      ^^^^^^^^^^^^^^^^^^^^^
  File "/home/jules/.pyenv/versions/3.12.13/lib/python3.12/site-packages/streamlit/watcher/local_sources_watcher.py", line 317, in <lambda>
    if hasattr(m, "__path__")
       ^^^^^^^^^^^^^^^^^^^^^^
  File "/home/jules/.pyenv/versions/3.12.13/lib/python3.12/site-packages/transformers/__init__.py", line 843, in _getattr
    return getattr(importlib.import_module(target, __name__), new_name)
                   ^^^^^^^^^^^^^^^^^^^^^^^^^^^^^^^^^^^^^^^^^
  File "/home/jules/.pyenv/versions/3.12.13/lib/python3.12/importlib/__init__.py", line 90, in import_module
    return _bootstrap._gcd_import(name[level:], package, level)
           ^^^^^^^^^^^^^^^^^^^^^^^^^^^^^^^^^^^^^^^^^^^^^^^^^^^^
  File "<frozen importlib._bootstrap>", line 1387, in _gcd_import
  File "<frozen importlib._bootstrap>", line 1360, in _find_and_load
  File "<frozen importlib._bootstrap>", line 1331, in _find_and_load_unlocked
  File "<frozen importlib._bootstrap>", line 935, in _load_unlocked
  File "<frozen importlib._bootstrap_external>", line 999, in exec_module
  File "<frozen importlib._bootstrap>", line 488, in _call_with_frames_removed
  File "/home/jules/.pyenv/versions/3.12.13/lib/python3.12/site-packages/transformers/models/rf_detr/image_processing_rf_detr.py", line 26, in <module>
    from torchvision.transforms.v2 import functional as tvF
ModuleNotFoundError: No module named 'torchvision'
[transformers] Accessing `__path__` from `.models.rt_detr.image_processing_pil_rt_detr`. Returning `__path__` instead. Behavior may be different and this alias will be removed in future versions.
[transformers] Accessing `__path__` from `.models.rt_detr.image_processing_rt_detr`. Returning `__path__` instead. Behavior may be different and this alias will be removed in future versions.
2026-06-01 00:52:39.474 Examining the path of transformers.models.rt_detr.image_processing_rt_detr_fast raised:
Traceback (most recent call last):
  File "/home/jules/.pyenv/versions/3.12.13/lib/python3.12/site-packages/streamlit/watcher/local_sources_watcher.py", line 330, in get_module_paths
    potential_paths = extract_paths(module)
                      ^^^^^^^^^^^^^^^^^^^^^
  File "/home/jules/.pyenv/versions/3.12.13/lib/python3.12/site-packages/streamlit/watcher/local_sources_watcher.py", line 317, in <lambda>
    if hasattr(m, "__path__")
       ^^^^^^^^^^^^^^^^^^^^^^
  File "/home/jules/.pyenv/versions/3.12.13/lib/python3.12/site-packages/transformers/__init__.py", line 843, in _getattr
    return getattr(importlib.import_module(target, __name__), new_name)
                   ^^^^^^^^^^^^^^^^^^^^^^^^^^^^^^^^^^^^^^^^^
  File "/home/jules/.pyenv/versions/3.12.13/lib/python3.12/importlib/__init__.py", line 90, in import_module
    return _bootstrap._gcd_import(name[level:], package, level)
           ^^^^^^^^^^^^^^^^^^^^^^^^^^^^^^^^^^^^^^^^^^^^^^^^^^^^
  File "<frozen importlib._bootstrap>", line 1387, in _gcd_import
  File "<frozen importlib._bootstrap>", line 1360, in _find_and_load
  File "<frozen importlib._bootstrap>", line 1331, in _find_and_load_unlocked
  File "<frozen importlib._bootstrap>", line 935, in _load_unlocked
  File "<frozen importlib._bootstrap_external>", line 999, in exec_module
  File "<frozen importlib._bootstrap>", line 488, in _call_with_frames_removed
  File "/home/jules/.pyenv/versions/3.12.13/lib/python3.12/site-packages/transformers/models/rt_detr/image_processing_rt_detr.py", line 24, in <module>
    from torchvision.transforms.v2 import functional as tvF
ModuleNotFoundError: No module named 'torchvision'
[transformers] Accessing `__path__` from `.models.sam.image_processing_pil_sam`. Returning `__path__` instead. Behavior may be different and this alias will be removed in future versions.
[transformers] Accessing `__path__` from `.models.sam.image_processing_sam`. Returning `__path__` instead. Behavior may be different and this alias will be removed in future versions.
2026-06-01 00:52:39.493 Examining the path of transformers.models.sam.image_processing_sam_fast raised:
Traceback (most recent call last):
  File "/home/jules/.pyenv/versions/3.12.13/lib/python3.12/site-packages/streamlit/watcher/local_sources_watcher.py", line 330, in get_module_paths
    potential_paths = extract_paths(module)
                      ^^^^^^^^^^^^^^^^^^^^^
  File "/home/jules/.pyenv/versions/3.12.13/lib/python3.12/site-packages/streamlit/watcher/local_sources_watcher.py", line 317, in <lambda>
    if hasattr(m, "__path__")
       ^^^^^^^^^^^^^^^^^^^^^^
  File "/home/jules/.pyenv/versions/3.12.13/lib/python3.12/site-packages/transformers/__init__.py", line 843, in _getattr
    return getattr(importlib.import_module(target, __name__), new_name)
                   ^^^^^^^^^^^^^^^^^^^^^^^^^^^^^^^^^^^^^^^^^
  File "/home/jules/.pyenv/versions/3.12.13/lib/python3.12/importlib/__init__.py", line 90, in import_module
    return _bootstrap._gcd_import(name[level:], package, level)
           ^^^^^^^^^^^^^^^^^^^^^^^^^^^^^^^^^^^^^^^^^^^^^^^^^^^^
  File "<frozen importlib._bootstrap>", line 1387, in _gcd_import
  File "<frozen importlib._bootstrap>", line 1360, in _find_and_load
  File "<frozen importlib._bootstrap>", line 1331, in _find_and_load_unlocked
  File "<frozen importlib._bootstrap>", line 935, in _load_unlocked
  File "<frozen importlib._bootstrap_external>", line 999, in exec_module
  File "<frozen importlib._bootstrap>", line 488, in _call_with_frames_removed
  File "/home/jules/.pyenv/versions/3.12.13/lib/python3.12/site-packages/transformers/models/sam/image_processing_sam.py", line 25, in <module>
    from torchvision.ops.boxes import batched_nms
ModuleNotFoundError: No module named 'torchvision'
[transformers] Accessing `__path__` from `.models.sam2.image_processing_sam2`. Returning `__path__` instead. Behavior may be different and this alias will be removed in future versions.
2026-06-01 00:52:39.499 Examining the path of transformers.models.sam2.image_processing_sam2_fast raised:
Traceback (most recent call last):
  File "/home/jules/.pyenv/versions/3.12.13/lib/python3.12/site-packages/streamlit/watcher/local_sources_watcher.py", line 330, in get_module_paths
    potential_paths = extract_paths(module)
                      ^^^^^^^^^^^^^^^^^^^^^
  File "/home/jules/.pyenv/versions/3.12.13/lib/python3.12/site-packages/streamlit/watcher/local_sources_watcher.py", line 317, in <lambda>
    if hasattr(m, "__path__")
       ^^^^^^^^^^^^^^^^^^^^^^
  File "/home/jules/.pyenv/versions/3.12.13/lib/python3.12/site-packages/transformers/__init__.py", line 843, in _getattr
    return getattr(importlib.import_module(target, __name__), new_name)
                   ^^^^^^^^^^^^^^^^^^^^^^^^^^^^^^^^^^^^^^^^^
  File "/home/jules/.pyenv/versions/3.12.13/lib/python3.12/importlib/__init__.py", line 90, in import_module
    return _bootstrap._gcd_import(name[level:], package, level)
           ^^^^^^^^^^^^^^^^^^^^^^^^^^^^^^^^^^^^^^^^^^^^^^^^^^^^
  File "<frozen importlib._bootstrap>", line 1387, in _gcd_import
  File "<frozen importlib._bootstrap>", line 1360, in _find_and_load
  File "<frozen importlib._bootstrap>", line 1331, in _find_and_load_unlocked
  File "<frozen importlib._bootstrap>", line 935, in _load_unlocked
  File "<frozen importlib._bootstrap_external>", line 999, in exec_module
  File "<frozen importlib._bootstrap>", line 488, in _call_with_frames_removed
  File "/home/jules/.pyenv/versions/3.12.13/lib/python3.12/site-packages/transformers/models/sam2/image_processing_sam2.py", line 28, in <module>
    from torchvision.ops.boxes import batched_nms
ModuleNotFoundError: No module named 'torchvision'
[transformers] Accessing `__path__` from `.models.sam3.image_processing_sam3`. Returning `__path__` instead. Behavior may be different and this alias will be removed in future versions.
2026-06-01 00:52:39.506 Examining the path of transformers.models.sam3.image_processing_sam3_fast raised:
Traceback (most recent call last):
  File "/home/jules/.pyenv/versions/3.12.13/lib/python3.12/site-packages/streamlit/watcher/local_sources_watcher.py", line 330, in get_module_paths
    potential_paths = extract_paths(module)
                      ^^^^^^^^^^^^^^^^^^^^^
  File "/home/jules/.pyenv/versions/3.12.13/lib/python3.12/site-packages/streamlit/watcher/local_sources_watcher.py", line 317, in <lambda>
    if hasattr(m, "__path__")
       ^^^^^^^^^^^^^^^^^^^^^^
  File "/home/jules/.pyenv/versions/3.12.13/lib/python3.12/site-packages/transformers/__init__.py", line 843, in _getattr
    return getattr(importlib.import_module(target, __name__), new_name)
                   ^^^^^^^^^^^^^^^^^^^^^^^^^^^^^^^^^^^^^^^^^
  File "/home/jules/.pyenv/versions/3.12.13/lib/python3.12/importlib/__init__.py", line 90, in import_module
    return _bootstrap._gcd_import(name[level:], package, level)
           ^^^^^^^^^^^^^^^^^^^^^^^^^^^^^^^^^^^^^^^^^^^^^^^^^^^^
  File "<frozen importlib._bootstrap>", line 1387, in _gcd_import
  File "<frozen importlib._bootstrap>", line 1360, in _find_and_load
  File "<frozen importlib._bootstrap>", line 1331, in _find_and_load_unlocked
  File "<frozen importlib._bootstrap>", line 935, in _load_unlocked
  File "<frozen importlib._bootstrap_external>", line 999, in exec_module
  File "<frozen importlib._bootstrap>", line 488, in _call_with_frames_removed
  File "/home/jules/.pyenv/versions/3.12.13/lib/python3.12/site-packages/transformers/models/sam3/image_processing_sam3.py", line 30, in <module>
    from torchvision.ops.boxes import batched_nms
ModuleNotFoundError: No module named 'torchvision'
[transformers] Accessing `__path__` from `.models.segformer.image_processing_pil_segformer`. Returning `__path__` instead. Behavior may be different and this alias will be removed in future versions.
[transformers] Accessing `__path__` from `.models.segformer.image_processing_segformer`. Returning `__path__` instead. Behavior may be different and this alias will be removed in future versions.
2026-06-01 00:52:39.515 Examining the path of transformers.models.segformer.image_processing_segformer_fast raised:
Traceback (most recent call last):
  File "/home/jules/.pyenv/versions/3.12.13/lib/python3.12/site-packages/streamlit/watcher/local_sources_watcher.py", line 330, in get_module_paths
    potential_paths = extract_paths(module)
                      ^^^^^^^^^^^^^^^^^^^^^
  File "/home/jules/.pyenv/versions/3.12.13/lib/python3.12/site-packages/streamlit/watcher/local_sources_watcher.py", line 317, in <lambda>
    if hasattr(m, "__path__")
       ^^^^^^^^^^^^^^^^^^^^^^
  File "/home/jules/.pyenv/versions/3.12.13/lib/python3.12/site-packages/transformers/__init__.py", line 843, in _getattr
    return getattr(importlib.import_module(target, __name__), new_name)
                   ^^^^^^^^^^^^^^^^^^^^^^^^^^^^^^^^^^^^^^^^^
  File "/home/jules/.pyenv/versions/3.12.13/lib/python3.12/importlib/__init__.py", line 90, in import_module
    return _bootstrap._gcd_import(name[level:], package, level)
           ^^^^^^^^^^^^^^^^^^^^^^^^^^^^^^^^^^^^^^^^^^^^^^^^^^^^
  File "<frozen importlib._bootstrap>", line 1387, in _gcd_import
  File "<frozen importlib._bootstrap>", line 1360, in _find_and_load
  File "<frozen importlib._bootstrap>", line 1331, in _find_and_load_unlocked
  File "<frozen importlib._bootstrap>", line 935, in _load_unlocked
  File "<frozen importlib._bootstrap_external>", line 999, in exec_module
  File "<frozen importlib._bootstrap>", line 488, in _call_with_frames_removed
  File "/home/jules/.pyenv/versions/3.12.13/lib/python3.12/site-packages/transformers/models/segformer/image_processing_segformer.py", line 25, in <module>
    import torchvision.transforms.v2.functional as tvF
ModuleNotFoundError: No module named 'torchvision'
[transformers] Accessing `__path__` from `.models.seggpt.image_processing_pil_seggpt`. Returning `__path__` instead. Behavior may be different and this alias will be removed in future versions.
[transformers] Accessing `__path__` from `.models.seggpt.image_processing_seggpt`. Returning `__path__` instead. Behavior may be different and this alias will be removed in future versions.
2026-06-01 00:52:39.525 Examining the path of transformers.models.seggpt.image_processing_seggpt_fast raised:
Traceback (most recent call last):
  File "/home/jules/.pyenv/versions/3.12.13/lib/python3.12/site-packages/streamlit/watcher/local_sources_watcher.py", line 330, in get_module_paths
    potential_paths = extract_paths(module)
                      ^^^^^^^^^^^^^^^^^^^^^
  File "/home/jules/.pyenv/versions/3.12.13/lib/python3.12/site-packages/streamlit/watcher/local_sources_watcher.py", line 317, in <lambda>
    if hasattr(m, "__path__")
       ^^^^^^^^^^^^^^^^^^^^^^
  File "/home/jules/.pyenv/versions/3.12.13/lib/python3.12/site-packages/transformers/__init__.py", line 843, in _getattr
    return getattr(importlib.import_module(target, __name__), new_name)
                   ^^^^^^^^^^^^^^^^^^^^^^^^^^^^^^^^^^^^^^^^^
  File "/home/jules/.pyenv/versions/3.12.13/lib/python3.12/importlib/__init__.py", line 90, in import_module
    return _bootstrap._gcd_import(name[level:], package, level)
           ^^^^^^^^^^^^^^^^^^^^^^^^^^^^^^^^^^^^^^^^^^^^^^^^^^^^
  File "<frozen importlib._bootstrap>", line 1387, in _gcd_import
  File "<frozen importlib._bootstrap>", line 1360, in _find_and_load
  File "<frozen importlib._bootstrap>", line 1331, in _find_and_load_unlocked
  File "<frozen importlib._bootstrap>", line 935, in _load_unlocked
  File "<frozen importlib._bootstrap_external>", line 999, in exec_module
  File "<frozen importlib._bootstrap>", line 488, in _call_with_frames_removed
  File "/home/jules/.pyenv/versions/3.12.13/lib/python3.12/site-packages/transformers/models/seggpt/image_processing_seggpt.py", line 20, in <module>
    from torchvision.transforms.v2 import functional as tvF
ModuleNotFoundError: No module named 'torchvision'
[transformers] Accessing `__path__` from `.models.siglip.image_processing_pil_siglip`. Returning `__path__` instead. Behavior may be different and this alias will be removed in future versions.
[transformers] Accessing `__path__` from `.models.siglip.image_processing_siglip`. Returning `__path__` instead. Behavior may be different and this alias will be removed in future versions.
[transformers] Accessing `__path__` from `.models.siglip2.image_processing_pil_siglip2`. Returning `__path__` instead. Behavior may be different and this alias will be removed in future versions.
[transformers] Accessing `__path__` from `.models.siglip2.image_processing_siglip2`. Returning `__path__` instead. Behavior may be different and this alias will be removed in future versions.
2026-06-01 00:52:39.542 Examining the path of transformers.models.siglip2.image_processing_siglip2_fast raised:
Traceback (most recent call last):
  File "/home/jules/.pyenv/versions/3.12.13/lib/python3.12/site-packages/streamlit/watcher/local_sources_watcher.py", line 330, in get_module_paths
    potential_paths = extract_paths(module)
                      ^^^^^^^^^^^^^^^^^^^^^
  File "/home/jules/.pyenv/versions/3.12.13/lib/python3.12/site-packages/streamlit/watcher/local_sources_watcher.py", line 317, in <lambda>
    if hasattr(m, "__path__")
       ^^^^^^^^^^^^^^^^^^^^^^
  File "/home/jules/.pyenv/versions/3.12.13/lib/python3.12/site-packages/transformers/__init__.py", line 843, in _getattr
    return getattr(importlib.import_module(target, __name__), new_name)
                   ^^^^^^^^^^^^^^^^^^^^^^^^^^^^^^^^^^^^^^^^^
  File "/home/jules/.pyenv/versions/3.12.13/lib/python3.12/importlib/__init__.py", line 90, in import_module
    return _bootstrap._gcd_import(name[level:], package, level)
           ^^^^^^^^^^^^^^^^^^^^^^^^^^^^^^^^^^^^^^^^^^^^^^^^^^^^
  File "<frozen importlib._bootstrap>", line 1387, in _gcd_import
  File "<frozen importlib._bootstrap>", line 1360, in _find_and_load
  File "<frozen importlib._bootstrap>", line 1331, in _find_and_load_unlocked
  File "<frozen importlib._bootstrap>", line 935, in _load_unlocked
  File "<frozen importlib._bootstrap_external>", line 999, in exec_module
  File "<frozen importlib._bootstrap>", line 488, in _call_with_frames_removed
  File "/home/jules/.pyenv/versions/3.12.13/lib/python3.12/site-packages/transformers/models/siglip2/image_processing_siglip2.py", line 17, in <module>
    from torchvision.transforms.v2 import functional as tvF
ModuleNotFoundError: No module named 'torchvision'
[transformers] Accessing `__path__` from `.models.slanext.image_processing_slanext`. Returning `__path__` instead. Behavior may be different and this alias will be removed in future versions.
2026-06-01 00:52:39.546 Examining the path of transformers.models.slanext.image_processing_slanext_fast raised:
Traceback (most recent call last):
  File "/home/jules/.pyenv/versions/3.12.13/lib/python3.12/site-packages/streamlit/watcher/local_sources_watcher.py", line 330, in get_module_paths
    potential_paths = extract_paths(module)
                      ^^^^^^^^^^^^^^^^^^^^^
  File "/home/jules/.pyenv/versions/3.12.13/lib/python3.12/site-packages/streamlit/watcher/local_sources_watcher.py", line 317, in <lambda>
    if hasattr(m, "__path__")
       ^^^^^^^^^^^^^^^^^^^^^^
  File "/home/jules/.pyenv/versions/3.12.13/lib/python3.12/site-packages/transformers/__init__.py", line 843, in _getattr
    return getattr(importlib.import_module(target, __name__), new_name)
                   ^^^^^^^^^^^^^^^^^^^^^^^^^^^^^^^^^^^^^^^^^
  File "/home/jules/.pyenv/versions/3.12.13/lib/python3.12/importlib/__init__.py", line 90, in import_module
    return _bootstrap._gcd_import(name[level:], package, level)
           ^^^^^^^^^^^^^^^^^^^^^^^^^^^^^^^^^^^^^^^^^^^^^^^^^^^^
  File "<frozen importlib._bootstrap>", line 1387, in _gcd_import
  File "<frozen importlib._bootstrap>", line 1360, in _find_and_load
  File "<frozen importlib._bootstrap>", line 1331, in _find_and_load_unlocked
  File "<frozen importlib._bootstrap>", line 935, in _load_unlocked
  File "<frozen importlib._bootstrap_external>", line 999, in exec_module
  File "<frozen importlib._bootstrap>", line 488, in _call_with_frames_removed
  File "/home/jules/.pyenv/versions/3.12.13/lib/python3.12/site-packages/transformers/models/slanext/image_processing_slanext.py", line 23, in <module>
    import torchvision.transforms.v2.functional as tvF
ModuleNotFoundError: No module named 'torchvision'
[transformers] Accessing `__path__` from `.models.smolvlm.image_processing_pil_smolvlm`. Returning `__path__` instead. Behavior may be different and this alias will be removed in future versions.
[transformers] Accessing `__path__` from `.models.smolvlm.image_processing_smolvlm`. Returning `__path__` instead. Behavior may be different and this alias will be removed in future versions.
2026-06-01 00:52:39.559 Examining the path of transformers.models.smolvlm.image_processing_smolvlm_fast raised:
Traceback (most recent call last):
  File "/home/jules/.pyenv/versions/3.12.13/lib/python3.12/site-packages/streamlit/watcher/local_sources_watcher.py", line 330, in get_module_paths
    potential_paths = extract_paths(module)
                      ^^^^^^^^^^^^^^^^^^^^^
  File "/home/jules/.pyenv/versions/3.12.13/lib/python3.12/site-packages/streamlit/watcher/local_sources_watcher.py", line 317, in <lambda>
    if hasattr(m, "__path__")
       ^^^^^^^^^^^^^^^^^^^^^^
  File "/home/jules/.pyenv/versions/3.12.13/lib/python3.12/site-packages/transformers/__init__.py", line 843, in _getattr
    return getattr(importlib.import_module(target, __name__), new_name)
                   ^^^^^^^^^^^^^^^^^^^^^^^^^^^^^^^^^^^^^^^^^
  File "/home/jules/.pyenv/versions/3.12.13/lib/python3.12/importlib/__init__.py", line 90, in import_module
    return _bootstrap._gcd_import(name[level:], package, level)
           ^^^^^^^^^^^^^^^^^^^^^^^^^^^^^^^^^^^^^^^^^^^^^^^^^^^^
  File "<frozen importlib._bootstrap>", line 1387, in _gcd_import
  File "<frozen importlib._bootstrap>", line 1360, in _find_and_load
  File "<frozen importlib._bootstrap>", line 1331, in _find_and_load_unlocked
  File "<frozen importlib._bootstrap>", line 935, in _load_unlocked
  File "<frozen importlib._bootstrap_external>", line 999, in exec_module
  File "<frozen importlib._bootstrap>", line 488, in _call_with_frames_removed
  File "/home/jules/.pyenv/versions/3.12.13/lib/python3.12/site-packages/transformers/models/smolvlm/image_processing_smolvlm.py", line 27, in <module>
    from torchvision.transforms.v2 import functional as tvF
ModuleNotFoundError: No module named 'torchvision'
[transformers] Accessing `__path__` from `.models.superglue.image_processing_pil_superglue`. Returning `__path__` instead. Behavior may be different and this alias will be removed in future versions.
[transformers] Accessing `__path__` from `.models.superglue.image_processing_superglue`. Returning `__path__` instead. Behavior may be different and this alias will be removed in future versions.
2026-06-01 00:52:39.568 Examining the path of transformers.models.superglue.image_processing_superglue_fast raised:
Traceback (most recent call last):
  File "/home/jules/.pyenv/versions/3.12.13/lib/python3.12/site-packages/streamlit/watcher/local_sources_watcher.py", line 330, in get_module_paths
    potential_paths = extract_paths(module)
                      ^^^^^^^^^^^^^^^^^^^^^
  File "/home/jules/.pyenv/versions/3.12.13/lib/python3.12/site-packages/streamlit/watcher/local_sources_watcher.py", line 317, in <lambda>
    if hasattr(m, "__path__")
       ^^^^^^^^^^^^^^^^^^^^^^
  File "/home/jules/.pyenv/versions/3.12.13/lib/python3.12/site-packages/transformers/__init__.py", line 843, in _getattr
    return getattr(importlib.import_module(target, __name__), new_name)
                   ^^^^^^^^^^^^^^^^^^^^^^^^^^^^^^^^^^^^^^^^^
  File "/home/jules/.pyenv/versions/3.12.13/lib/python3.12/importlib/__init__.py", line 90, in import_module
    return _bootstrap._gcd_import(name[level:], package, level)
           ^^^^^^^^^^^^^^^^^^^^^^^^^^^^^^^^^^^^^^^^^^^^^^^^^^^^
  File "<frozen importlib._bootstrap>", line 1387, in _gcd_import
  File "<frozen importlib._bootstrap>", line 1360, in _find_and_load
  File "<frozen importlib._bootstrap>", line 1331, in _find_and_load_unlocked
  File "<frozen importlib._bootstrap>", line 935, in _load_unlocked
  File "<frozen importlib._bootstrap_external>", line 999, in exec_module
  File "<frozen importlib._bootstrap>", line 488, in _call_with_frames_removed
  File "/home/jules/.pyenv/versions/3.12.13/lib/python3.12/site-packages/transformers/models/superglue/image_processing_superglue.py", line 47, in <module>
    from torchvision.transforms.v2 import functional as tvF
ModuleNotFoundError: No module named 'torchvision'
[transformers] Accessing `__path__` from `.models.superpoint.image_processing_pil_superpoint`. Returning `__path__` instead. Behavior may be different and this alias will be removed in future versions.
[transformers] Accessing `__path__` from `.models.superpoint.image_processing_superpoint`. Returning `__path__` instead. Behavior may be different and this alias will be removed in future versions.
2026-06-01 00:52:39.572 Examining the path of transformers.models.superpoint.image_processing_superpoint_fast raised:
Traceback (most recent call last):
  File "/home/jules/.pyenv/versions/3.12.13/lib/python3.12/site-packages/streamlit/watcher/local_sources_watcher.py", line 330, in get_module_paths
    potential_paths = extract_paths(module)
                      ^^^^^^^^^^^^^^^^^^^^^
  File "/home/jules/.pyenv/versions/3.12.13/lib/python3.12/site-packages/streamlit/watcher/local_sources_watcher.py", line 317, in <lambda>
    if hasattr(m, "__path__")
       ^^^^^^^^^^^^^^^^^^^^^^
  File "/home/jules/.pyenv/versions/3.12.13/lib/python3.12/site-packages/transformers/__init__.py", line 843, in _getattr
    return getattr(importlib.import_module(target, __name__), new_name)
                   ^^^^^^^^^^^^^^^^^^^^^^^^^^^^^^^^^^^^^^^^^
  File "/home/jules/.pyenv/versions/3.12.13/lib/python3.12/importlib/__init__.py", line 90, in import_module
    return _bootstrap._gcd_import(name[level:], package, level)
           ^^^^^^^^^^^^^^^^^^^^^^^^^^^^^^^^^^^^^^^^^^^^^^^^^^^^
  File "<frozen importlib._bootstrap>", line 1387, in _gcd_import
  File "<frozen importlib._bootstrap>", line 1360, in _find_and_load
  File "<frozen importlib._bootstrap>", line 1331, in _find_and_load_unlocked
  File "<frozen importlib._bootstrap>", line 935, in _load_unlocked
  File "<frozen importlib._bootstrap_external>", line 999, in exec_module
  File "<frozen importlib._bootstrap>", line 488, in _call_with_frames_removed
  File "/home/jules/.pyenv/versions/3.12.13/lib/python3.12/site-packages/transformers/models/superpoint/image_processing_superpoint.py", line 31, in <module>
    from torchvision.transforms.v2 import functional as tvF
ModuleNotFoundError: No module named 'torchvision'
[transformers] Accessing `__path__` from `.models.swin2sr.image_processing_pil_swin2sr`. Returning `__path__` instead. Behavior may be different and this alias will be removed in future versions.
[transformers] Accessing `__path__` from `.models.swin2sr.image_processing_swin2sr`. Returning `__path__` instead. Behavior may be different and this alias will be removed in future versions.
2026-06-01 00:52:39.582 Examining the path of transformers.models.swin2sr.image_processing_swin2sr_fast raised:
Traceback (most recent call last):
  File "/home/jules/.pyenv/versions/3.12.13/lib/python3.12/site-packages/streamlit/watcher/local_sources_watcher.py", line 330, in get_module_paths
    potential_paths = extract_paths(module)
                      ^^^^^^^^^^^^^^^^^^^^^
  File "/home/jules/.pyenv/versions/3.12.13/lib/python3.12/site-packages/streamlit/watcher/local_sources_watcher.py", line 317, in <lambda>
    if hasattr(m, "__path__")
       ^^^^^^^^^^^^^^^^^^^^^^
  File "/home/jules/.pyenv/versions/3.12.13/lib/python3.12/site-packages/transformers/__init__.py", line 843, in _getattr
    return getattr(importlib.import_module(target, __name__), new_name)
                   ^^^^^^^^^^^^^^^^^^^^^^^^^^^^^^^^^^^^^^^^^
  File "/home/jules/.pyenv/versions/3.12.13/lib/python3.12/importlib/__init__.py", line 90, in import_module
    return _bootstrap._gcd_import(name[level:], package, level)
           ^^^^^^^^^^^^^^^^^^^^^^^^^^^^^^^^^^^^^^^^^^^^^^^^^^^^
  File "<frozen importlib._bootstrap>", line 1387, in _gcd_import
  File "<frozen importlib._bootstrap>", line 1360, in _find_and_load
  File "<frozen importlib._bootstrap>", line 1331, in _find_and_load_unlocked
  File "<frozen importlib._bootstrap>", line 935, in _load_unlocked
  File "<frozen importlib._bootstrap_external>", line 999, in exec_module
  File "<frozen importlib._bootstrap>", line 488, in _call_with_frames_removed
  File "/home/jules/.pyenv/versions/3.12.13/lib/python3.12/site-packages/transformers/models/swin2sr/image_processing_swin2sr.py", line 17, in <module>
    from torchvision.transforms.v2 import functional as tvF
ModuleNotFoundError: No module named 'torchvision'
[transformers] Accessing `__path__` from `.models.textnet.image_processing_pil_textnet`. Returning `__path__` instead. Behavior may be different and this alias will be removed in future versions.
[transformers] Accessing `__path__` from `.models.textnet.image_processing_textnet`. Returning `__path__` instead. Behavior may be different and this alias will be removed in future versions.
2026-06-01 00:52:39.591 Examining the path of transformers.models.textnet.image_processing_textnet_fast raised:
Traceback (most recent call last):
  File "/home/jules/.pyenv/versions/3.12.13/lib/python3.12/site-packages/streamlit/watcher/local_sources_watcher.py", line 330, in get_module_paths
    potential_paths = extract_paths(module)
                      ^^^^^^^^^^^^^^^^^^^^^
  File "/home/jules/.pyenv/versions/3.12.13/lib/python3.12/site-packages/streamlit/watcher/local_sources_watcher.py", line 317, in <lambda>
    if hasattr(m, "__path__")
       ^^^^^^^^^^^^^^^^^^^^^^
  File "/home/jules/.pyenv/versions/3.12.13/lib/python3.12/site-packages/transformers/__init__.py", line 843, in _getattr
    return getattr(importlib.import_module(target, __name__), new_name)
                   ^^^^^^^^^^^^^^^^^^^^^^^^^^^^^^^^^^^^^^^^^
  File "/home/jules/.pyenv/versions/3.12.13/lib/python3.12/importlib/__init__.py", line 90, in import_module
    return _bootstrap._gcd_import(name[level:], package, level)
           ^^^^^^^^^^^^^^^^^^^^^^^^^^^^^^^^^^^^^^^^^^^^^^^^^^^^
  File "<frozen importlib._bootstrap>", line 1387, in _gcd_import
  File "<frozen importlib._bootstrap>", line 1360, in _find_and_load
  File "<frozen importlib._bootstrap>", line 1331, in _find_and_load_unlocked
  File "<frozen importlib._bootstrap>", line 935, in _load_unlocked
  File "<frozen importlib._bootstrap_external>", line 999, in exec_module
  File "<frozen importlib._bootstrap>", line 488, in _call_with_frames_removed
  File "/home/jules/.pyenv/versions/3.12.13/lib/python3.12/site-packages/transformers/models/textnet/image_processing_textnet.py", line 17, in <module>
    from torchvision.transforms.v2 import functional as tvF
ModuleNotFoundError: No module named 'torchvision'
[transformers] Accessing `__path__` from `.models.timm_wrapper.image_processing_timm_wrapper`. Returning `__path__` instead. Behavior may be different and this alias will be removed in future versions.
[transformers] Accessing `__path__` from `.models.tvp.image_processing_pil_tvp`. Returning `__path__` instead. Behavior may be different and this alias will be removed in future versions.
[transformers] Accessing `__path__` from `.models.tvp.image_processing_tvp`. Returning `__path__` instead. Behavior may be different and this alias will be removed in future versions.
2026-06-01 00:52:39.603 Examining the path of transformers.models.tvp.image_processing_tvp_fast raised:
Traceback (most recent call last):
  File "/home/jules/.pyenv/versions/3.12.13/lib/python3.12/site-packages/streamlit/watcher/local_sources_watcher.py", line 330, in get_module_paths
    potential_paths = extract_paths(module)
                      ^^^^^^^^^^^^^^^^^^^^^
  File "/home/jules/.pyenv/versions/3.12.13/lib/python3.12/site-packages/streamlit/watcher/local_sources_watcher.py", line 317, in <lambda>
    if hasattr(m, "__path__")
       ^^^^^^^^^^^^^^^^^^^^^^
  File "/home/jules/.pyenv/versions/3.12.13/lib/python3.12/site-packages/transformers/__init__.py", line 843, in _getattr
    return getattr(importlib.import_module(target, __name__), new_name)
                   ^^^^^^^^^^^^^^^^^^^^^^^^^^^^^^^^^^^^^^^^^
  File "/home/jules/.pyenv/versions/3.12.13/lib/python3.12/importlib/__init__.py", line 90, in import_module
    return _bootstrap._gcd_import(name[level:], package, level)
           ^^^^^^^^^^^^^^^^^^^^^^^^^^^^^^^^^^^^^^^^^^^^^^^^^^^^
  File "<frozen importlib._bootstrap>", line 1387, in _gcd_import
  File "<frozen importlib._bootstrap>", line 1360, in _find_and_load
  File "<frozen importlib._bootstrap>", line 1331, in _find_and_load_unlocked
  File "<frozen importlib._bootstrap>", line 935, in _load_unlocked
  File "<frozen importlib._bootstrap_external>", line 999, in exec_module
  File "<frozen importlib._bootstrap>", line 488, in _call_with_frames_removed
  File "/home/jules/.pyenv/versions/3.12.13/lib/python3.12/site-packages/transformers/models/tvp/image_processing_tvp.py", line 17, in <module>
    from torchvision.transforms.v2 import functional as tvF
ModuleNotFoundError: No module named 'torchvision'
[transformers] Accessing `__path__` from `.models.uvdoc.image_processing_uvdoc`. Returning `__path__` instead. Behavior may be different and this alias will be removed in future versions.
[transformers] Accessing `__path__` from `.models.video_llama_3.image_processing_pil_video_llama_3`. Returning `__path__` instead. Behavior may be different and this alias will be removed in future versions.
[transformers] Accessing `__path__` from `.models.video_llama_3.image_processing_video_llama_3`. Returning `__path__` instead. Behavior may be different and this alias will be removed in future versions.
[transformers] Accessing `__path__` from `.models.video_llava.image_processing_video_llava`. Returning `__path__` instead. Behavior may be different and this alias will be removed in future versions.
[transformers] Accessing `__path__` from `.models.videomae.image_processing_pil_videomae`. Returning `__path__` instead. Behavior may be different and this alias will be removed in future versions.
[transformers] Accessing `__path__` from `.models.videomae.image_processing_videomae`. Returning `__path__` instead. Behavior may be different and this alias will be removed in future versions.
2026-06-01 00:52:39.636 Examining the path of transformers.models.videomae.image_processing_videomae_fast raised:
Traceback (most recent call last):
  File "/home/jules/.pyenv/versions/3.12.13/lib/python3.12/site-packages/streamlit/watcher/local_sources_watcher.py", line 330, in get_module_paths
    potential_paths = extract_paths(module)
                      ^^^^^^^^^^^^^^^^^^^^^
  File "/home/jules/.pyenv/versions/3.12.13/lib/python3.12/site-packages/streamlit/watcher/local_sources_watcher.py", line 317, in <lambda>
    if hasattr(m, "__path__")
       ^^^^^^^^^^^^^^^^^^^^^^
  File "/home/jules/.pyenv/versions/3.12.13/lib/python3.12/site-packages/transformers/__init__.py", line 843, in _getattr
    return getattr(importlib.import_module(target, __name__), new_name)
                   ^^^^^^^^^^^^^^^^^^^^^^^^^^^^^^^^^^^^^^^^^
  File "/home/jules/.pyenv/versions/3.12.13/lib/python3.12/importlib/__init__.py", line 90, in import_module
    return _bootstrap._gcd_import(name[level:], package, level)
           ^^^^^^^^^^^^^^^^^^^^^^^^^^^^^^^^^^^^^^^^^^^^^^^^^^^^
  File "<frozen importlib._bootstrap>", line 1387, in _gcd_import
  File "<frozen importlib._bootstrap>", line 1360, in _find_and_load
  File "<frozen importlib._bootstrap>", line 1331, in _find_and_load_unlocked
  File "<frozen importlib._bootstrap>", line 935, in _load_unlocked
  File "<frozen importlib._bootstrap_external>", line 999, in exec_module
  File "<frozen importlib._bootstrap>", line 488, in _call_with_frames_removed
  File "/home/jules/.pyenv/versions/3.12.13/lib/python3.12/site-packages/transformers/models/videomae/image_processing_videomae.py", line 17, in <module>
    from torchvision.transforms.v2 import functional as tvF
ModuleNotFoundError: No module named 'torchvision'
[transformers] Accessing `__path__` from `.models.vilt.image_processing_pil_vilt`. Returning `__path__` instead. Behavior may be different and this alias will be removed in future versions.
[transformers] Accessing `__path__` from `.models.vilt.image_processing_vilt`. Returning `__path__` instead. Behavior may be different and this alias will be removed in future versions.
2026-06-01 00:52:39.643 Examining the path of transformers.models.vilt.image_processing_vilt_fast raised:
Traceback (most recent call last):
  File "/home/jules/.pyenv/versions/3.12.13/lib/python3.12/site-packages/streamlit/watcher/local_sources_watcher.py", line 330, in get_module_paths
    potential_paths = extract_paths(module)
                      ^^^^^^^^^^^^^^^^^^^^^
  File "/home/jules/.pyenv/versions/3.12.13/lib/python3.12/site-packages/streamlit/watcher/local_sources_watcher.py", line 317, in <lambda>
    if hasattr(m, "__path__")
       ^^^^^^^^^^^^^^^^^^^^^^
  File "/home/jules/.pyenv/versions/3.12.13/lib/python3.12/site-packages/transformers/__init__.py", line 843, in _getattr
    return getattr(importlib.import_module(target, __name__), new_name)
                   ^^^^^^^^^^^^^^^^^^^^^^^^^^^^^^^^^^^^^^^^^
  File "/home/jules/.pyenv/versions/3.12.13/lib/python3.12/importlib/__init__.py", line 90, in import_module
    return _bootstrap._gcd_import(name[level:], package, level)
           ^^^^^^^^^^^^^^^^^^^^^^^^^^^^^^^^^^^^^^^^^^^^^^^^^^^^
  File "<frozen importlib._bootstrap>", line 1387, in _gcd_import
  File "<frozen importlib._bootstrap>", line 1360, in _find_and_load
  File "<frozen importlib._bootstrap>", line 1331, in _find_and_load_unlocked
  File "<frozen importlib._bootstrap>", line 935, in _load_unlocked
  File "<frozen importlib._bootstrap_external>", line 999, in exec_module
  File "<frozen importlib._bootstrap>", line 488, in _call_with_frames_removed
  File "/home/jules/.pyenv/versions/3.12.13/lib/python3.12/site-packages/transformers/models/vilt/image_processing_vilt.py", line 17, in <module>
    from torchvision.transforms.v2 import functional as tvF
ModuleNotFoundError: No module named 'torchvision'
[transformers] Accessing `__path__` from `.models.vit.image_processing_pil_vit`. Returning `__path__` instead. Behavior may be different and this alias will be removed in future versions.
[transformers] Accessing `__path__` from `.models.vit.image_processing_vit`. Returning `__path__` instead. Behavior may be different and this alias will be removed in future versions.
[transformers] Accessing `__path__` from `.models.vitmatte.image_processing_pil_vitmatte`. Returning `__path__` instead. Behavior may be different and this alias will be removed in future versions.
[transformers] Accessing `__path__` from `.models.vitmatte.image_processing_vitmatte`. Returning `__path__` instead. Behavior may be different and this alias will be removed in future versions.
2026-06-01 00:52:39.656 Examining the path of transformers.models.vitmatte.image_processing_vitmatte_fast raised:
Traceback (most recent call last):
  File "/home/jules/.pyenv/versions/3.12.13/lib/python3.12/site-packages/streamlit/watcher/local_sources_watcher.py", line 330, in get_module_paths
    potential_paths = extract_paths(module)
                      ^^^^^^^^^^^^^^^^^^^^^
  File "/home/jules/.pyenv/versions/3.12.13/lib/python3.12/site-packages/streamlit/watcher/local_sources_watcher.py", line 317, in <lambda>
    if hasattr(m, "__path__")
       ^^^^^^^^^^^^^^^^^^^^^^
  File "/home/jules/.pyenv/versions/3.12.13/lib/python3.12/site-packages/transformers/__init__.py", line 843, in _getattr
    return getattr(importlib.import_module(target, __name__), new_name)
                   ^^^^^^^^^^^^^^^^^^^^^^^^^^^^^^^^^^^^^^^^^
  File "/home/jules/.pyenv/versions/3.12.13/lib/python3.12/importlib/__init__.py", line 90, in import_module
    return _bootstrap._gcd_import(name[level:], package, level)
           ^^^^^^^^^^^^^^^^^^^^^^^^^^^^^^^^^^^^^^^^^^^^^^^^^^^^
  File "<frozen importlib._bootstrap>", line 1387, in _gcd_import
  File "<frozen importlib._bootstrap>", line 1360, in _find_and_load
  File "<frozen importlib._bootstrap>", line 1331, in _find_and_load_unlocked
  File "<frozen importlib._bootstrap>", line 935, in _load_unlocked
  File "<frozen importlib._bootstrap_external>", line 999, in exec_module
  File "<frozen importlib._bootstrap>", line 488, in _call_with_frames_removed
  File "/home/jules/.pyenv/versions/3.12.13/lib/python3.12/site-packages/transformers/models/vitmatte/image_processing_vitmatte.py", line 19, in <module>
    from torchvision.transforms.v2 import functional as tvF
ModuleNotFoundError: No module named 'torchvision'
[transformers] Accessing `__path__` from `.models.vitpose.image_processing_pil_vitpose`. Returning `__path__` instead. Behavior may be different and this alias will be removed in future versions.
[transformers] Accessing `__path__` from `.models.vitpose.image_processing_vitpose`. Returning `__path__` instead. Behavior may be different and this alias will be removed in future versions.
2026-06-01 00:52:39.666 Examining the path of transformers.models.vitpose.image_processing_vitpose_fast raised:
Traceback (most recent call last):
  File "/home/jules/.pyenv/versions/3.12.13/lib/python3.12/site-packages/streamlit/watcher/local_sources_watcher.py", line 330, in get_module_paths
    potential_paths = extract_paths(module)
                      ^^^^^^^^^^^^^^^^^^^^^
  File "/home/jules/.pyenv/versions/3.12.13/lib/python3.12/site-packages/streamlit/watcher/local_sources_watcher.py", line 317, in <lambda>
    if hasattr(m, "__path__")
       ^^^^^^^^^^^^^^^^^^^^^^
  File "/home/jules/.pyenv/versions/3.12.13/lib/python3.12/site-packages/transformers/__init__.py", line 843, in _getattr
    return getattr(importlib.import_module(target, __name__), new_name)
                   ^^^^^^^^^^^^^^^^^^^^^^^^^^^^^^^^^^^^^^^^^
  File "/home/jules/.pyenv/versions/3.12.13/lib/python3.12/importlib/__init__.py", line 90, in import_module
    return _bootstrap._gcd_import(name[level:], package, level)
           ^^^^^^^^^^^^^^^^^^^^^^^^^^^^^^^^^^^^^^^^^^^^^^^^^^^^
  File "<frozen importlib._bootstrap>", line 1387, in _gcd_import
  File "<frozen importlib._bootstrap>", line 1360, in _find_and_load
  File "<frozen importlib._bootstrap>", line 1331, in _find_and_load_unlocked
  File "<frozen importlib._bootstrap>", line 935, in _load_unlocked
  File "<frozen importlib._bootstrap_external>", line 999, in exec_module
  File "<frozen importlib._bootstrap>", line 488, in _call_with_frames_removed
  File "/home/jules/.pyenv/versions/3.12.13/lib/python3.12/site-packages/transformers/models/vitpose/image_processing_vitpose.py", line 22, in <module>
    from torchvision.transforms.v2 import functional as tvF
ModuleNotFoundError: No module named 'torchvision'
[transformers] Accessing `__path__` from `.models.vivit.image_processing_vivit`. Returning `__path__` instead. Behavior may be different and this alias will be removed in future versions.
[transformers] Accessing `__path__` from `.models.yolos.image_processing_pil_yolos`. Returning `__path__` instead. Behavior may be different and this alias will be removed in future versions.
[transformers] Accessing `__path__` from `.models.yolos.image_processing_yolos`. Returning `__path__` instead. Behavior may be different and this alias will be removed in future versions.
2026-06-01 00:52:39.684 Examining the path of transformers.models.yolos.image_processing_yolos_fast raised:
Traceback (most recent call last):
  File "/home/jules/.pyenv/versions/3.12.13/lib/python3.12/site-packages/streamlit/watcher/local_sources_watcher.py", line 330, in get_module_paths
    potential_paths = extract_paths(module)
                      ^^^^^^^^^^^^^^^^^^^^^
  File "/home/jules/.pyenv/versions/3.12.13/lib/python3.12/site-packages/streamlit/watcher/local_sources_watcher.py", line 317, in <lambda>
    if hasattr(m, "__path__")
       ^^^^^^^^^^^^^^^^^^^^^^
  File "/home/jules/.pyenv/versions/3.12.13/lib/python3.12/site-packages/transformers/__init__.py", line 843, in _getattr
    return getattr(importlib.import_module(target, __name__), new_name)
                   ^^^^^^^^^^^^^^^^^^^^^^^^^^^^^^^^^^^^^^^^^
  File "/home/jules/.pyenv/versions/3.12.13/lib/python3.12/importlib/__init__.py", line 90, in import_module
    return _bootstrap._gcd_import(name[level:], package, level)
           ^^^^^^^^^^^^^^^^^^^^^^^^^^^^^^^^^^^^^^^^^^^^^^^^^^^^
  File "<frozen importlib._bootstrap>", line 1387, in _gcd_import
  File "<frozen importlib._bootstrap>", line 1360, in _find_and_load
  File "<frozen importlib._bootstrap>", line 1331, in _find_and_load_unlocked
  File "<frozen importlib._bootstrap>", line 935, in _load_unlocked
  File "<frozen importlib._bootstrap_external>", line 999, in exec_module
  File "<frozen importlib._bootstrap>", line 488, in _call_with_frames_removed
  File "/home/jules/.pyenv/versions/3.12.13/lib/python3.12/site-packages/transformers/models/yolos/image_processing_yolos.py", line 12, in <module>
    from torchvision.io import read_image
ModuleNotFoundError: No module named 'torchvision'
[transformers] Accessing `__path__` from `.models.zoedepth.image_processing_pil_zoedepth`. Returning `__path__` instead. Behavior may be different and this alias will be removed in future versions.
[transformers] Accessing `__path__` from `.models.zoedepth.image_processing_zoedepth`. Returning `__path__` instead. Behavior may be different and this alias will be removed in future versions.
2026-06-01 00:52:39.697 Examining the path of transformers.models.zoedepth.image_processing_zoedepth_fast raised:
Traceback (most recent call last):
  File "/home/jules/.pyenv/versions/3.12.13/lib/python3.12/site-packages/streamlit/watcher/local_sources_watcher.py", line 330, in get_module_paths
    potential_paths = extract_paths(module)
                      ^^^^^^^^^^^^^^^^^^^^^
  File "/home/jules/.pyenv/versions/3.12.13/lib/python3.12/site-packages/streamlit/watcher/local_sources_watcher.py", line 317, in <lambda>
    if hasattr(m, "__path__")
       ^^^^^^^^^^^^^^^^^^^^^^
  File "/home/jules/.pyenv/versions/3.12.13/lib/python3.12/site-packages/transformers/__init__.py", line 843, in _getattr
    return getattr(importlib.import_module(target, __name__), new_name)
                   ^^^^^^^^^^^^^^^^^^^^^^^^^^^^^^^^^^^^^^^^^
  File "/home/jules/.pyenv/versions/3.12.13/lib/python3.12/importlib/__init__.py", line 90, in import_module
    return _bootstrap._gcd_import(name[level:], package, level)
           ^^^^^^^^^^^^^^^^^^^^^^^^^^^^^^^^^^^^^^^^^^^^^^^^^^^^
  File "<frozen importlib._bootstrap>", line 1387, in _gcd_import
  File "<frozen importlib._bootstrap>", line 1360, in _find_and_load
  File "<frozen importlib._bootstrap>", line 1331, in _find_and_load_unlocked
  File "<frozen importlib._bootstrap>", line 935, in _load_unlocked
  File "<frozen importlib._bootstrap_external>", line 999, in exec_module
  File "<frozen importlib._bootstrap>", line 488, in _call_with_frames_removed
  File "/home/jules/.pyenv/versions/3.12.13/lib/python3.12/site-packages/transformers/models/zoedepth/image_processing_zoedepth.py", line 43, in <module>
    from torchvision.transforms.v2 import functional as tvF
ModuleNotFoundError: No module named 'torchvision'
Initializing SentimentRAG models...
Loading weights:   0%|          | 0/201 [00:00<?, ?it/s]Loading weights: 100%|██████████| 201/201 [00:00<00:00, 3596.53it/s]
Warning: You are sending unauthenticated requests to the HF Hub. Please set a HF_TOKEN to enable higher rate limits and faster downloads.
Loading weights:   0%|          | 0/199 [00:00<?, ?it/s]Loading weights: 100%|██████████| 199/199 [00:00<00:00, 6863.47it/s]
Loading weights:   0%|          | 0/149 [00:00<?, ?it/s]Loading weights: 100%|██████████| 149/149 [00:00<00:00, 12156.69it/s]
[transformers] [1mGPT2LMHeadModel LOAD REPORT[0m from: HooshvareLab/gpt2-fa-comment
Key                                     | Status     |  |
----------------------------------------+------------+--+-
transformer.h.{0...11}.attn.masked_bias | UNEXPECTED |  |

Notes:
- UNEXPECTED:	can be ignored when loading from different task/architecture; not ok if you expect identical arch.
[transformers] Accessing `__path__` from `.models.aria.image_processing_aria`. Returning `__path__` instead. Behavior may be different and this alias will be removed in future versions.
2026-06-01 00:53:28.415 Examining the path of transformers.models.aria.image_processing_aria_fast raised:
Traceback (most recent call last):
  File "/home/jules/.pyenv/versions/3.12.13/lib/python3.12/site-packages/streamlit/watcher/local_sources_watcher.py", line 330, in get_module_paths
    potential_paths = extract_paths(module)
                      ^^^^^^^^^^^^^^^^^^^^^
  File "/home/jules/.pyenv/versions/3.12.13/lib/python3.12/site-packages/streamlit/watcher/local_sources_watcher.py", line 317, in <lambda>
    if hasattr(m, "__path__")
       ^^^^^^^^^^^^^^^^^^^^^^
  File "/home/jules/.pyenv/versions/3.12.13/lib/python3.12/site-packages/transformers/__init__.py", line 843, in _getattr
    return getattr(importlib.import_module(target, __name__), new_name)
                   ^^^^^^^^^^^^^^^^^^^^^^^^^^^^^^^^^^^^^^^^^
  File "/home/jules/.pyenv/versions/3.12.13/lib/python3.12/importlib/__init__.py", line 90, in import_module
    return _bootstrap._gcd_import(name[level:], package, level)
           ^^^^^^^^^^^^^^^^^^^^^^^^^^^^^^^^^^^^^^^^^^^^^^^^^^^^
  File "<frozen importlib._bootstrap>", line 1387, in _gcd_import
  File "<frozen importlib._bootstrap>", line 1360, in _find_and_load
  File "<frozen importlib._bootstrap>", line 1331, in _find_and_load_unlocked
  File "<frozen importlib._bootstrap>", line 935, in _load_unlocked
  File "<frozen importlib._bootstrap_external>", line 999, in exec_module
  File "<frozen importlib._bootstrap>", line 488, in _call_with_frames_removed
  File "/home/jules/.pyenv/versions/3.12.13/lib/python3.12/site-packages/transformers/models/aria/image_processing_aria.py", line 21, in <module>
    from torchvision.transforms.v2 import functional as tvF
ModuleNotFoundError: No module named 'torchvision'
[transformers] Accessing `__path__` from `.models.aria.image_processing_pil_aria`. Returning `__path__` instead. Behavior may be different and this alias will be removed in future versions.
[transformers] Accessing `__path__` from `.models.auto.image_processing_auto`. Returning `__path__` instead. Behavior may be different and this alias will be removed in future versions.
[transformers] Accessing `__path__` from `.models.beit.image_processing_beit`. Returning `__path__` instead. Behavior may be different and this alias will be removed in future versions.
2026-06-01 00:53:28.418 Examining the path of transformers.models.beit.image_processing_beit_fast raised:
Traceback (most recent call last):
  File "/home/jules/.pyenv/versions/3.12.13/lib/python3.12/site-packages/streamlit/watcher/local_sources_watcher.py", line 330, in get_module_paths
    potential_paths = extract_paths(module)
                      ^^^^^^^^^^^^^^^^^^^^^
  File "/home/jules/.pyenv/versions/3.12.13/lib/python3.12/site-packages/streamlit/watcher/local_sources_watcher.py", line 317, in <lambda>
    if hasattr(m, "__path__")
       ^^^^^^^^^^^^^^^^^^^^^^
  File "/home/jules/.pyenv/versions/3.12.13/lib/python3.12/site-packages/transformers/__init__.py", line 843, in _getattr
    return getattr(importlib.import_module(target, __name__), new_name)
                   ^^^^^^^^^^^^^^^^^^^^^^^^^^^^^^^^^^^^^^^^^
  File "/home/jules/.pyenv/versions/3.12.13/lib/python3.12/importlib/__init__.py", line 90, in import_module
    return _bootstrap._gcd_import(name[level:], package, level)
           ^^^^^^^^^^^^^^^^^^^^^^^^^^^^^^^^^^^^^^^^^^^^^^^^^^^^
  File "<frozen importlib._bootstrap>", line 1387, in _gcd_import
  File "<frozen importlib._bootstrap>", line 1360, in _find_and_load
  File "<frozen importlib._bootstrap>", line 1331, in _find_and_load_unlocked
  File "<frozen importlib._bootstrap>", line 935, in _load_unlocked
  File "<frozen importlib._bootstrap_external>", line 999, in exec_module
  File "<frozen importlib._bootstrap>", line 488, in _call_with_frames_removed
  File "/home/jules/.pyenv/versions/3.12.13/lib/python3.12/site-packages/transformers/models/beit/image_processing_beit.py", line 20, in <module>
    from torchvision.transforms.v2 import functional as tvF
ModuleNotFoundError: No module named 'torchvision'
[transformers] Accessing `__path__` from `.models.beit.image_processing_pil_beit`. Returning `__path__` instead. Behavior may be different and this alias will be removed in future versions.
[transformers] Accessing `__path__` from `.models.bit.image_processing_bit`. Returning `__path__` instead. Behavior may be different and this alias will be removed in future versions.
[transformers] Accessing `__path__` from `.models.bit.image_processing_pil_bit`. Returning `__path__` instead. Behavior may be different and this alias will be removed in future versions.
[transformers] Accessing `__path__` from `.models.blip.image_processing_blip`. Returning `__path__` instead. Behavior may be different and this alias will be removed in future versions.
[transformers] Accessing `__path__` from `.models.blip.image_processing_pil_blip`. Returning `__path__` instead. Behavior may be different and this alias will be removed in future versions.
[transformers] Accessing `__path__` from `.models.bridgetower.image_processing_bridgetower`. Returning `__path__` instead. Behavior may be different and this alias will be removed in future versions.
2026-06-01 00:53:28.420 Examining the path of transformers.models.bridgetower.image_processing_bridgetower_fast raised:
Traceback (most recent call last):
  File "/home/jules/.pyenv/versions/3.12.13/lib/python3.12/site-packages/streamlit/watcher/local_sources_watcher.py", line 330, in get_module_paths
    potential_paths = extract_paths(module)
                      ^^^^^^^^^^^^^^^^^^^^^
  File "/home/jules/.pyenv/versions/3.12.13/lib/python3.12/site-packages/streamlit/watcher/local_sources_watcher.py", line 317, in <lambda>
    if hasattr(m, "__path__")
       ^^^^^^^^^^^^^^^^^^^^^^
  File "/home/jules/.pyenv/versions/3.12.13/lib/python3.12/site-packages/transformers/__init__.py", line 843, in _getattr
    return getattr(importlib.import_module(target, __name__), new_name)
                   ^^^^^^^^^^^^^^^^^^^^^^^^^^^^^^^^^^^^^^^^^
  File "/home/jules/.pyenv/versions/3.12.13/lib/python3.12/importlib/__init__.py", line 90, in import_module
    return _bootstrap._gcd_import(name[level:], package, level)
           ^^^^^^^^^^^^^^^^^^^^^^^^^^^^^^^^^^^^^^^^^^^^^^^^^^^^
  File "<frozen importlib._bootstrap>", line 1387, in _gcd_import
  File "<frozen importlib._bootstrap>", line 1360, in _find_and_load
  File "<frozen importlib._bootstrap>", line 1331, in _find_and_load_unlocked
  File "<frozen importlib._bootstrap>", line 935, in _load_unlocked
  File "<frozen importlib._bootstrap_external>", line 999, in exec_module
  File "<frozen importlib._bootstrap>", line 488, in _call_with_frames_removed
  File "/home/jules/.pyenv/versions/3.12.13/lib/python3.12/site-packages/transformers/models/bridgetower/image_processing_bridgetower.py", line 20, in <module>
    from torchvision.transforms.v2 import functional as tvF
ModuleNotFoundError: No module named 'torchvision'
[transformers] Accessing `__path__` from `.models.bridgetower.image_processing_pil_bridgetower`. Returning `__path__` instead. Behavior may be different and this alias will be removed in future versions.
[transformers] Accessing `__path__` from `.models.chameleon.image_processing_chameleon`. Returning `__path__` instead. Behavior may be different and this alias will be removed in future versions.
2026-06-01 00:53:28.422 Examining the path of transformers.models.chameleon.image_processing_chameleon_fast raised:
Traceback (most recent call last):
  File "/home/jules/.pyenv/versions/3.12.13/lib/python3.12/site-packages/streamlit/watcher/local_sources_watcher.py", line 330, in get_module_paths
    potential_paths = extract_paths(module)
                      ^^^^^^^^^^^^^^^^^^^^^
  File "/home/jules/.pyenv/versions/3.12.13/lib/python3.12/site-packages/streamlit/watcher/local_sources_watcher.py", line 317, in <lambda>
    if hasattr(m, "__path__")
       ^^^^^^^^^^^^^^^^^^^^^^
  File "/home/jules/.pyenv/versions/3.12.13/lib/python3.12/site-packages/transformers/__init__.py", line 843, in _getattr
    return getattr(importlib.import_module(target, __name__), new_name)
                   ^^^^^^^^^^^^^^^^^^^^^^^^^^^^^^^^^^^^^^^^^
  File "/home/jules/.pyenv/versions/3.12.13/lib/python3.12/importlib/__init__.py", line 90, in import_module
    return _bootstrap._gcd_import(name[level:], package, level)
           ^^^^^^^^^^^^^^^^^^^^^^^^^^^^^^^^^^^^^^^^^^^^^^^^^^^^
  File "<frozen importlib._bootstrap>", line 1387, in _gcd_import
  File "<frozen importlib._bootstrap>", line 1360, in _find_and_load
  File "<frozen importlib._bootstrap>", line 1331, in _find_and_load_unlocked
  File "<frozen importlib._bootstrap>", line 935, in _load_unlocked
  File "<frozen importlib._bootstrap_external>", line 999, in exec_module
  File "<frozen importlib._bootstrap>", line 488, in _call_with_frames_removed
  File "/home/jules/.pyenv/versions/3.12.13/lib/python3.12/site-packages/transformers/models/chameleon/image_processing_chameleon.py", line 19, in <module>
    from torchvision.transforms.v2 import functional as tvF
ModuleNotFoundError: No module named 'torchvision'
[transformers] Accessing `__path__` from `.models.chameleon.image_processing_pil_chameleon`. Returning `__path__` instead. Behavior may be different and this alias will be removed in future versions.
[transformers] Accessing `__path__` from `.models.chinese_clip.image_processing_chinese_clip`. Returning `__path__` instead. Behavior may be different and this alias will be removed in future versions.
[transformers] Accessing `__path__` from `.models.chinese_clip.image_processing_pil_chinese_clip`. Returning `__path__` instead. Behavior may be different and this alias will be removed in future versions.
[transformers] Accessing `__path__` from `.models.chmv2.image_processing_chmv2`. Returning `__path__` instead. Behavior may be different and this alias will be removed in future versions.
2026-06-01 00:53:28.425 Examining the path of transformers.models.chmv2.image_processing_chmv2_fast raised:
Traceback (most recent call last):
  File "/home/jules/.pyenv/versions/3.12.13/lib/python3.12/site-packages/streamlit/watcher/local_sources_watcher.py", line 330, in get_module_paths
    potential_paths = extract_paths(module)
                      ^^^^^^^^^^^^^^^^^^^^^
  File "/home/jules/.pyenv/versions/3.12.13/lib/python3.12/site-packages/streamlit/watcher/local_sources_watcher.py", line 317, in <lambda>
    if hasattr(m, "__path__")
       ^^^^^^^^^^^^^^^^^^^^^^
  File "/home/jules/.pyenv/versions/3.12.13/lib/python3.12/site-packages/transformers/__init__.py", line 843, in _getattr
    return getattr(importlib.import_module(target, __name__), new_name)
                   ^^^^^^^^^^^^^^^^^^^^^^^^^^^^^^^^^^^^^^^^^
  File "/home/jules/.pyenv/versions/3.12.13/lib/python3.12/importlib/__init__.py", line 90, in import_module
    return _bootstrap._gcd_import(name[level:], package, level)
           ^^^^^^^^^^^^^^^^^^^^^^^^^^^^^^^^^^^^^^^^^^^^^^^^^^^^
  File "<frozen importlib._bootstrap>", line 1387, in _gcd_import
  File "<frozen importlib._bootstrap>", line 1360, in _find_and_load
  File "<frozen importlib._bootstrap>", line 1331, in _find_and_load_unlocked
  File "<frozen importlib._bootstrap>", line 935, in _load_unlocked
  File "<frozen importlib._bootstrap_external>", line 999, in exec_module
  File "<frozen importlib._bootstrap>", line 488, in _call_with_frames_removed
  File "/home/jules/.pyenv/versions/3.12.13/lib/python3.12/site-packages/transformers/models/chmv2/image_processing_chmv2.py", line 27, in <module>
    from torchvision.transforms.v2 import functional as tvF
ModuleNotFoundError: No module named 'torchvision'
[transformers] Accessing `__path__` from `.models.clip.image_processing_clip`. Returning `__path__` instead. Behavior may be different and this alias will be removed in future versions.
[transformers] Accessing `__path__` from `.models.clip.image_processing_pil_clip`. Returning `__path__` instead. Behavior may be different and this alias will be removed in future versions.
[transformers] Accessing `__path__` from `.models.cohere2_vision.image_processing_cohere2_vision`. Returning `__path__` instead. Behavior may be different and this alias will be removed in future versions.
2026-06-01 00:53:28.428 Examining the path of transformers.models.cohere2_vision.image_processing_cohere2_vision_fast raised:
Traceback (most recent call last):
  File "/home/jules/.pyenv/versions/3.12.13/lib/python3.12/site-packages/streamlit/watcher/local_sources_watcher.py", line 330, in get_module_paths
    potential_paths = extract_paths(module)
                      ^^^^^^^^^^^^^^^^^^^^^
  File "/home/jules/.pyenv/versions/3.12.13/lib/python3.12/site-packages/streamlit/watcher/local_sources_watcher.py", line 317, in <lambda>
    if hasattr(m, "__path__")
       ^^^^^^^^^^^^^^^^^^^^^^
  File "/home/jules/.pyenv/versions/3.12.13/lib/python3.12/site-packages/transformers/__init__.py", line 843, in _getattr
    return getattr(importlib.import_module(target, __name__), new_name)
                   ^^^^^^^^^^^^^^^^^^^^^^^^^^^^^^^^^^^^^^^^^
  File "/home/jules/.pyenv/versions/3.12.13/lib/python3.12/importlib/__init__.py", line 90, in import_module
    return _bootstrap._gcd_import(name[level:], package, level)
           ^^^^^^^^^^^^^^^^^^^^^^^^^^^^^^^^^^^^^^^^^^^^^^^^^^^^
  File "<frozen importlib._bootstrap>", line 1387, in _gcd_import
  File "<frozen importlib._bootstrap>", line 1360, in _find_and_load
  File "<frozen importlib._bootstrap>", line 1331, in _find_and_load_unlocked
  File "<frozen importlib._bootstrap>", line 935, in _load_unlocked
  File "<frozen importlib._bootstrap_external>", line 999, in exec_module
  File "<frozen importlib._bootstrap>", line 488, in _call_with_frames_removed
  File "/home/jules/.pyenv/versions/3.12.13/lib/python3.12/site-packages/transformers/models/cohere2_vision/image_processing_cohere2_vision.py", line 25, in <module>
    from torchvision.transforms.v2 import functional as tvF
ModuleNotFoundError: No module named 'torchvision'
[transformers] Accessing `__path__` from `.models.conditional_detr.image_processing_conditional_detr`. Returning `__path__` instead. Behavior may be different and this alias will be removed in future versions.
2026-06-01 00:53:28.431 Examining the path of transformers.models.conditional_detr.image_processing_conditional_detr_fast raised:
Traceback (most recent call last):
  File "/home/jules/.pyenv/versions/3.12.13/lib/python3.12/site-packages/streamlit/watcher/local_sources_watcher.py", line 330, in get_module_paths
    potential_paths = extract_paths(module)
                      ^^^^^^^^^^^^^^^^^^^^^
  File "/home/jules/.pyenv/versions/3.12.13/lib/python3.12/site-packages/streamlit/watcher/local_sources_watcher.py", line 317, in <lambda>
    if hasattr(m, "__path__")
       ^^^^^^^^^^^^^^^^^^^^^^
  File "/home/jules/.pyenv/versions/3.12.13/lib/python3.12/site-packages/transformers/__init__.py", line 843, in _getattr
    return getattr(importlib.import_module(target, __name__), new_name)
                   ^^^^^^^^^^^^^^^^^^^^^^^^^^^^^^^^^^^^^^^^^
  File "/home/jules/.pyenv/versions/3.12.13/lib/python3.12/importlib/__init__.py", line 90, in import_module
    return _bootstrap._gcd_import(name[level:], package, level)
           ^^^^^^^^^^^^^^^^^^^^^^^^^^^^^^^^^^^^^^^^^^^^^^^^^^^^
  File "<frozen importlib._bootstrap>", line 1387, in _gcd_import
  File "<frozen importlib._bootstrap>", line 1360, in _find_and_load
  File "<frozen importlib._bootstrap>", line 1331, in _find_and_load_unlocked
  File "<frozen importlib._bootstrap>", line 935, in _load_unlocked
  File "<frozen importlib._bootstrap_external>", line 999, in exec_module
  File "<frozen importlib._bootstrap>", line 488, in _call_with_frames_removed
  File "/home/jules/.pyenv/versions/3.12.13/lib/python3.12/site-packages/transformers/models/conditional_detr/image_processing_conditional_detr.py", line 27, in <module>
    from torchvision.io import read_image
ModuleNotFoundError: No module named 'torchvision'
[transformers] Accessing `__path__` from `.models.conditional_detr.image_processing_pil_conditional_detr`. Returning `__path__` instead. Behavior may be different and this alias will be removed in future versions.
[transformers] Accessing `__path__` from `.models.convnext.image_processing_convnext`. Returning `__path__` instead. Behavior may be different and this alias will be removed in future versions.
2026-06-01 00:53:28.432 Examining the path of transformers.models.convnext.image_processing_convnext_fast raised:
Traceback (most recent call last):
  File "/home/jules/.pyenv/versions/3.12.13/lib/python3.12/site-packages/streamlit/watcher/local_sources_watcher.py", line 330, in get_module_paths
    potential_paths = extract_paths(module)
                      ^^^^^^^^^^^^^^^^^^^^^
  File "/home/jules/.pyenv/versions/3.12.13/lib/python3.12/site-packages/streamlit/watcher/local_sources_watcher.py", line 317, in <lambda>
    if hasattr(m, "__path__")
       ^^^^^^^^^^^^^^^^^^^^^^
  File "/home/jules/.pyenv/versions/3.12.13/lib/python3.12/site-packages/transformers/__init__.py", line 843, in _getattr
    return getattr(importlib.import_module(target, __name__), new_name)
                   ^^^^^^^^^^^^^^^^^^^^^^^^^^^^^^^^^^^^^^^^^
  File "/home/jules/.pyenv/versions/3.12.13/lib/python3.12/importlib/__init__.py", line 90, in import_module
    return _bootstrap._gcd_import(name[level:], package, level)
           ^^^^^^^^^^^^^^^^^^^^^^^^^^^^^^^^^^^^^^^^^^^^^^^^^^^^
  File "<frozen importlib._bootstrap>", line 1387, in _gcd_import
  File "<frozen importlib._bootstrap>", line 1360, in _find_and_load
  File "<frozen importlib._bootstrap>", line 1331, in _find_and_load_unlocked
  File "<frozen importlib._bootstrap>", line 935, in _load_unlocked
  File "<frozen importlib._bootstrap_external>", line 999, in exec_module
  File "<frozen importlib._bootstrap>", line 488, in _call_with_frames_removed
  File "/home/jules/.pyenv/versions/3.12.13/lib/python3.12/site-packages/transformers/models/convnext/image_processing_convnext.py", line 17, in <module>
    from torchvision.transforms.v2 import functional as tvF
ModuleNotFoundError: No module named 'torchvision'
[transformers] Accessing `__path__` from `.models.convnext.image_processing_pil_convnext`. Returning `__path__` instead. Behavior may be different and this alias will be removed in future versions.
[transformers] Accessing `__path__` from `.models.deepseek_vl.image_processing_deepseek_vl`. Returning `__path__` instead. Behavior may be different and this alias will be removed in future versions.
2026-06-01 00:53:28.434 Examining the path of transformers.models.deepseek_vl.image_processing_deepseek_vl_fast raised:
Traceback (most recent call last):
  File "/home/jules/.pyenv/versions/3.12.13/lib/python3.12/site-packages/streamlit/watcher/local_sources_watcher.py", line 330, in get_module_paths
    potential_paths = extract_paths(module)
                      ^^^^^^^^^^^^^^^^^^^^^
  File "/home/jules/.pyenv/versions/3.12.13/lib/python3.12/site-packages/streamlit/watcher/local_sources_watcher.py", line 317, in <lambda>
    if hasattr(m, "__path__")
       ^^^^^^^^^^^^^^^^^^^^^^
  File "/home/jules/.pyenv/versions/3.12.13/lib/python3.12/site-packages/transformers/__init__.py", line 843, in _getattr
    return getattr(importlib.import_module(target, __name__), new_name)
                   ^^^^^^^^^^^^^^^^^^^^^^^^^^^^^^^^^^^^^^^^^
  File "/home/jules/.pyenv/versions/3.12.13/lib/python3.12/importlib/__init__.py", line 90, in import_module
    return _bootstrap._gcd_import(name[level:], package, level)
           ^^^^^^^^^^^^^^^^^^^^^^^^^^^^^^^^^^^^^^^^^^^^^^^^^^^^
  File "<frozen importlib._bootstrap>", line 1387, in _gcd_import
  File "<frozen importlib._bootstrap>", line 1360, in _find_and_load
  File "<frozen importlib._bootstrap>", line 1331, in _find_and_load_unlocked
  File "<frozen importlib._bootstrap>", line 935, in _load_unlocked
  File "<frozen importlib._bootstrap_external>", line 999, in exec_module
  File "<frozen importlib._bootstrap>", line 488, in _call_with_frames_removed
  File "/home/jules/.pyenv/versions/3.12.13/lib/python3.12/site-packages/transformers/models/deepseek_vl/image_processing_deepseek_vl.py", line 23, in <module>
    import torchvision.transforms.v2.functional as tvF
ModuleNotFoundError: No module named 'torchvision'
[transformers] Accessing `__path__` from `.models.deepseek_vl.image_processing_pil_deepseek_vl`. Returning `__path__` instead. Behavior may be different and this alias will be removed in future versions.
[transformers] Accessing `__path__` from `.models.deepseek_vl_hybrid.image_processing_deepseek_vl_hybrid`. Returning `__path__` instead. Behavior may be different and this alias will be removed in future versions.
2026-06-01 00:53:28.436 Examining the path of transformers.models.deepseek_vl_hybrid.image_processing_deepseek_vl_hybrid_fast raised:
Traceback (most recent call last):
  File "/home/jules/.pyenv/versions/3.12.13/lib/python3.12/site-packages/streamlit/watcher/local_sources_watcher.py", line 330, in get_module_paths
    potential_paths = extract_paths(module)
                      ^^^^^^^^^^^^^^^^^^^^^
  File "/home/jules/.pyenv/versions/3.12.13/lib/python3.12/site-packages/streamlit/watcher/local_sources_watcher.py", line 317, in <lambda>
    if hasattr(m, "__path__")
       ^^^^^^^^^^^^^^^^^^^^^^
  File "/home/jules/.pyenv/versions/3.12.13/lib/python3.12/site-packages/transformers/__init__.py", line 843, in _getattr
    return getattr(importlib.import_module(target, __name__), new_name)
                   ^^^^^^^^^^^^^^^^^^^^^^^^^^^^^^^^^^^^^^^^^
  File "/home/jules/.pyenv/versions/3.12.13/lib/python3.12/importlib/__init__.py", line 90, in import_module
    return _bootstrap._gcd_import(name[level:], package, level)
           ^^^^^^^^^^^^^^^^^^^^^^^^^^^^^^^^^^^^^^^^^^^^^^^^^^^^
  File "<frozen importlib._bootstrap>", line 1387, in _gcd_import
  File "<frozen importlib._bootstrap>", line 1360, in _find_and_load
  File "<frozen importlib._bootstrap>", line 1331, in _find_and_load_unlocked
  File "<frozen importlib._bootstrap>", line 935, in _load_unlocked
  File "<frozen importlib._bootstrap_external>", line 999, in exec_module
  File "<frozen importlib._bootstrap>", line 488, in _call_with_frames_removed
  File "/home/jules/.pyenv/versions/3.12.13/lib/python3.12/site-packages/transformers/models/deepseek_vl_hybrid/image_processing_deepseek_vl_hybrid.py", line 25, in <module>
    import torchvision.transforms.v2.functional as tvF
ModuleNotFoundError: No module named 'torchvision'
[transformers] Accessing `__path__` from `.models.deepseek_vl_hybrid.image_processing_pil_deepseek_vl_hybrid`. Returning `__path__` instead. Behavior may be different and this alias will be removed in future versions.
[transformers] Accessing `__path__` from `.models.deformable_detr.image_processing_deformable_detr`. Returning `__path__` instead. Behavior may be different and this alias will be removed in future versions.
2026-06-01 00:53:28.439 Examining the path of transformers.models.deformable_detr.image_processing_deformable_detr_fast raised:
Traceback (most recent call last):
  File "/home/jules/.pyenv/versions/3.12.13/lib/python3.12/site-packages/streamlit/watcher/local_sources_watcher.py", line 330, in get_module_paths
    potential_paths = extract_paths(module)
                      ^^^^^^^^^^^^^^^^^^^^^
  File "/home/jules/.pyenv/versions/3.12.13/lib/python3.12/site-packages/streamlit/watcher/local_sources_watcher.py", line 317, in <lambda>
    if hasattr(m, "__path__")
       ^^^^^^^^^^^^^^^^^^^^^^
  File "/home/jules/.pyenv/versions/3.12.13/lib/python3.12/site-packages/transformers/__init__.py", line 843, in _getattr
    return getattr(importlib.import_module(target, __name__), new_name)
                   ^^^^^^^^^^^^^^^^^^^^^^^^^^^^^^^^^^^^^^^^^
  File "/home/jules/.pyenv/versions/3.12.13/lib/python3.12/importlib/__init__.py", line 90, in import_module
    return _bootstrap._gcd_import(name[level:], package, level)
           ^^^^^^^^^^^^^^^^^^^^^^^^^^^^^^^^^^^^^^^^^^^^^^^^^^^^
  File "<frozen importlib._bootstrap>", line 1387, in _gcd_import
  File "<frozen importlib._bootstrap>", line 1360, in _find_and_load
  File "<frozen importlib._bootstrap>", line 1331, in _find_and_load_unlocked
  File "<frozen importlib._bootstrap>", line 935, in _load_unlocked
  File "<frozen importlib._bootstrap_external>", line 999, in exec_module
  File "<frozen importlib._bootstrap>", line 488, in _call_with_frames_removed
  File "/home/jules/.pyenv/versions/3.12.13/lib/python3.12/site-packages/transformers/models/deformable_detr/image_processing_deformable_detr.py", line 25, in <module>
    from torchvision.io import read_image
ModuleNotFoundError: No module named 'torchvision'
[transformers] Accessing `__path__` from `.models.deformable_detr.image_processing_pil_deformable_detr`. Returning `__path__` instead. Behavior may be different and this alias will be removed in future versions.
[transformers] Accessing `__path__` from `.models.deit.image_processing_deit`. Returning `__path__` instead. Behavior may be different and this alias will be removed in future versions.
[transformers] Accessing `__path__` from `.models.deit.image_processing_pil_deit`. Returning `__path__` instead. Behavior may be different and this alias will be removed in future versions.
[transformers] Accessing `__path__` from `.models.depth_pro.image_processing_depth_pro`. Returning `__path__` instead. Behavior may be different and this alias will be removed in future versions.
2026-06-01 00:53:28.442 Examining the path of transformers.models.depth_pro.image_processing_depth_pro_fast raised:
Traceback (most recent call last):
  File "/home/jules/.pyenv/versions/3.12.13/lib/python3.12/site-packages/streamlit/watcher/local_sources_watcher.py", line 330, in get_module_paths
    potential_paths = extract_paths(module)
                      ^^^^^^^^^^^^^^^^^^^^^
  File "/home/jules/.pyenv/versions/3.12.13/lib/python3.12/site-packages/streamlit/watcher/local_sources_watcher.py", line 317, in <lambda>
    if hasattr(m, "__path__")
       ^^^^^^^^^^^^^^^^^^^^^^
  File "/home/jules/.pyenv/versions/3.12.13/lib/python3.12/site-packages/transformers/__init__.py", line 843, in _getattr
    return getattr(importlib.import_module(target, __name__), new_name)
                   ^^^^^^^^^^^^^^^^^^^^^^^^^^^^^^^^^^^^^^^^^
  File "/home/jules/.pyenv/versions/3.12.13/lib/python3.12/importlib/__init__.py", line 90, in import_module
    return _bootstrap._gcd_import(name[level:], package, level)
           ^^^^^^^^^^^^^^^^^^^^^^^^^^^^^^^^^^^^^^^^^^^^^^^^^^^^
  File "<frozen importlib._bootstrap>", line 1387, in _gcd_import
  File "<frozen importlib._bootstrap>", line 1360, in _find_and_load
  File "<frozen importlib._bootstrap>", line 1331, in _find_and_load_unlocked
  File "<frozen importlib._bootstrap>", line 935, in _load_unlocked
  File "<frozen importlib._bootstrap_external>", line 999, in exec_module
  File "<frozen importlib._bootstrap>", line 488, in _call_with_frames_removed
  File "/home/jules/.pyenv/versions/3.12.13/lib/python3.12/site-packages/transformers/models/depth_pro/image_processing_depth_pro.py", line 19, in <module>
    from torchvision.transforms.v2 import functional as tvF
ModuleNotFoundError: No module named 'torchvision'
[transformers] Accessing `__path__` from `.models.detr.image_processing_detr`. Returning `__path__` instead. Behavior may be different and this alias will be removed in future versions.
2026-06-01 00:53:28.444 Examining the path of transformers.models.detr.image_processing_detr_fast raised:
Traceback (most recent call last):
  File "/home/jules/.pyenv/versions/3.12.13/lib/python3.12/site-packages/streamlit/watcher/local_sources_watcher.py", line 330, in get_module_paths
    potential_paths = extract_paths(module)
                      ^^^^^^^^^^^^^^^^^^^^^
  File "/home/jules/.pyenv/versions/3.12.13/lib/python3.12/site-packages/streamlit/watcher/local_sources_watcher.py", line 317, in <lambda>
    if hasattr(m, "__path__")
       ^^^^^^^^^^^^^^^^^^^^^^
  File "/home/jules/.pyenv/versions/3.12.13/lib/python3.12/site-packages/transformers/__init__.py", line 843, in _getattr
    return getattr(importlib.import_module(target, __name__), new_name)
                   ^^^^^^^^^^^^^^^^^^^^^^^^^^^^^^^^^^^^^^^^^
  File "/home/jules/.pyenv/versions/3.12.13/lib/python3.12/importlib/__init__.py", line 90, in import_module
    return _bootstrap._gcd_import(name[level:], package, level)
           ^^^^^^^^^^^^^^^^^^^^^^^^^^^^^^^^^^^^^^^^^^^^^^^^^^^^
  File "<frozen importlib._bootstrap>", line 1387, in _gcd_import
  File "<frozen importlib._bootstrap>", line 1360, in _find_and_load
  File "<frozen importlib._bootstrap>", line 1331, in _find_and_load_unlocked
  File "<frozen importlib._bootstrap>", line 935, in _load_unlocked
  File "<frozen importlib._bootstrap_external>", line 999, in exec_module
  File "<frozen importlib._bootstrap>", line 488, in _call_with_frames_removed
  File "/home/jules/.pyenv/versions/3.12.13/lib/python3.12/site-packages/transformers/models/detr/image_processing_detr.py", line 22, in <module>
    from torchvision.io import read_image
ModuleNotFoundError: No module named 'torchvision'
[transformers] Accessing `__path__` from `.models.detr.image_processing_pil_detr`. Returning `__path__` instead. Behavior may be different and this alias will be removed in future versions.
[transformers] Accessing `__path__` from `.models.dinov3_vit.image_processing_dinov3_vit`. Returning `__path__` instead. Behavior may be different and this alias will be removed in future versions.
2026-06-01 00:53:28.446 Examining the path of transformers.models.dinov3_vit.image_processing_dinov3_vit_fast raised:
Traceback (most recent call last):
  File "/home/jules/.pyenv/versions/3.12.13/lib/python3.12/site-packages/streamlit/watcher/local_sources_watcher.py", line 330, in get_module_paths
    potential_paths = extract_paths(module)
                      ^^^^^^^^^^^^^^^^^^^^^
  File "/home/jules/.pyenv/versions/3.12.13/lib/python3.12/site-packages/streamlit/watcher/local_sources_watcher.py", line 317, in <lambda>
    if hasattr(m, "__path__")
       ^^^^^^^^^^^^^^^^^^^^^^
  File "/home/jules/.pyenv/versions/3.12.13/lib/python3.12/site-packages/transformers/__init__.py", line 843, in _getattr
    return getattr(importlib.import_module(target, __name__), new_name)
                   ^^^^^^^^^^^^^^^^^^^^^^^^^^^^^^^^^^^^^^^^^
  File "/home/jules/.pyenv/versions/3.12.13/lib/python3.12/importlib/__init__.py", line 90, in import_module
    return _bootstrap._gcd_import(name[level:], package, level)
           ^^^^^^^^^^^^^^^^^^^^^^^^^^^^^^^^^^^^^^^^^^^^^^^^^^^^
  File "<frozen importlib._bootstrap>", line 1387, in _gcd_import
  File "<frozen importlib._bootstrap>", line 1360, in _find_and_load
  File "<frozen importlib._bootstrap>", line 1331, in _find_and_load_unlocked
  File "<frozen importlib._bootstrap>", line 935, in _load_unlocked
  File "<frozen importlib._bootstrap_external>", line 999, in exec_module
  File "<frozen importlib._bootstrap>", line 488, in _call_with_frames_removed
  File "/home/jules/.pyenv/versions/3.12.13/lib/python3.12/site-packages/transformers/models/dinov3_vit/image_processing_dinov3_vit.py", line 17, in <module>
    from torchvision.transforms.v2 import functional as tvF
ModuleNotFoundError: No module named 'torchvision'
[transformers] Accessing `__path__` from `.models.donut.image_processing_donut`. Returning `__path__` instead. Behavior may be different and this alias will be removed in future versions.
2026-06-01 00:53:28.448 Examining the path of transformers.models.donut.image_processing_donut_fast raised:
Traceback (most recent call last):
  File "/home/jules/.pyenv/versions/3.12.13/lib/python3.12/site-packages/streamlit/watcher/local_sources_watcher.py", line 330, in get_module_paths
    potential_paths = extract_paths(module)
                      ^^^^^^^^^^^^^^^^^^^^^
  File "/home/jules/.pyenv/versions/3.12.13/lib/python3.12/site-packages/streamlit/watcher/local_sources_watcher.py", line 317, in <lambda>
    if hasattr(m, "__path__")
       ^^^^^^^^^^^^^^^^^^^^^^
  File "/home/jules/.pyenv/versions/3.12.13/lib/python3.12/site-packages/transformers/__init__.py", line 843, in _getattr
    return getattr(importlib.import_module(target, __name__), new_name)
                   ^^^^^^^^^^^^^^^^^^^^^^^^^^^^^^^^^^^^^^^^^
  File "/home/jules/.pyenv/versions/3.12.13/lib/python3.12/importlib/__init__.py", line 90, in import_module
    return _bootstrap._gcd_import(name[level:], package, level)
           ^^^^^^^^^^^^^^^^^^^^^^^^^^^^^^^^^^^^^^^^^^^^^^^^^^^^
  File "<frozen importlib._bootstrap>", line 1387, in _gcd_import
  File "<frozen importlib._bootstrap>", line 1360, in _find_and_load
  File "<frozen importlib._bootstrap>", line 1331, in _find_and_load_unlocked
  File "<frozen importlib._bootstrap>", line 935, in _load_unlocked
  File "<frozen importlib._bootstrap_external>", line 999, in exec_module
  File "<frozen importlib._bootstrap>", line 488, in _call_with_frames_removed
  File "/home/jules/.pyenv/versions/3.12.13/lib/python3.12/site-packages/transformers/models/donut/image_processing_donut.py", line 17, in <module>
    from torchvision.transforms.v2 import functional as tvF
ModuleNotFoundError: No module named 'torchvision'
[transformers] Accessing `__path__` from `.models.donut.image_processing_pil_donut`. Returning `__path__` instead. Behavior may be different and this alias will be removed in future versions.
[transformers] Accessing `__path__` from `.models.dpt.image_processing_dpt`. Returning `__path__` instead. Behavior may be different and this alias will be removed in future versions.
2026-06-01 00:53:28.451 Examining the path of transformers.models.dpt.image_processing_dpt_fast raised:
Traceback (most recent call last):
  File "/home/jules/.pyenv/versions/3.12.13/lib/python3.12/site-packages/streamlit/watcher/local_sources_watcher.py", line 330, in get_module_paths
    potential_paths = extract_paths(module)
                      ^^^^^^^^^^^^^^^^^^^^^
  File "/home/jules/.pyenv/versions/3.12.13/lib/python3.12/site-packages/streamlit/watcher/local_sources_watcher.py", line 317, in <lambda>
    if hasattr(m, "__path__")
       ^^^^^^^^^^^^^^^^^^^^^^
  File "/home/jules/.pyenv/versions/3.12.13/lib/python3.12/site-packages/transformers/__init__.py", line 843, in _getattr
    return getattr(importlib.import_module(target, __name__), new_name)
                   ^^^^^^^^^^^^^^^^^^^^^^^^^^^^^^^^^^^^^^^^^
  File "/home/jules/.pyenv/versions/3.12.13/lib/python3.12/importlib/__init__.py", line 90, in import_module
    return _bootstrap._gcd_import(name[level:], package, level)
           ^^^^^^^^^^^^^^^^^^^^^^^^^^^^^^^^^^^^^^^^^^^^^^^^^^^^
  File "<frozen importlib._bootstrap>", line 1387, in _gcd_import
  File "<frozen importlib._bootstrap>", line 1360, in _find_and_load
  File "<frozen importlib._bootstrap>", line 1331, in _find_and_load_unlocked
  File "<frozen importlib._bootstrap>", line 935, in _load_unlocked
  File "<frozen importlib._bootstrap_external>", line 999, in exec_module
  File "<frozen importlib._bootstrap>", line 488, in _call_with_frames_removed
  File "/home/jules/.pyenv/versions/3.12.13/lib/python3.12/site-packages/transformers/models/dpt/image_processing_dpt.py", line 28, in <module>
    from torchvision.transforms.v2 import functional as tvF
ModuleNotFoundError: No module named 'torchvision'
[transformers] Accessing `__path__` from `.models.dpt.image_processing_pil_dpt`. Returning `__path__` instead. Behavior may be different and this alias will be removed in future versions.
[transformers] Accessing `__path__` from `.models.efficientloftr.image_processing_efficientloftr`. Returning `__path__` instead. Behavior may be different and this alias will be removed in future versions.
2026-06-01 00:53:28.454 Examining the path of transformers.models.efficientloftr.image_processing_efficientloftr_fast raised:
Traceback (most recent call last):
  File "/home/jules/.pyenv/versions/3.12.13/lib/python3.12/site-packages/streamlit/watcher/local_sources_watcher.py", line 330, in get_module_paths
    potential_paths = extract_paths(module)
                      ^^^^^^^^^^^^^^^^^^^^^
  File "/home/jules/.pyenv/versions/3.12.13/lib/python3.12/site-packages/streamlit/watcher/local_sources_watcher.py", line 317, in <lambda>
    if hasattr(m, "__path__")
       ^^^^^^^^^^^^^^^^^^^^^^
  File "/home/jules/.pyenv/versions/3.12.13/lib/python3.12/site-packages/transformers/__init__.py", line 843, in _getattr
    return getattr(importlib.import_module(target, __name__), new_name)
                   ^^^^^^^^^^^^^^^^^^^^^^^^^^^^^^^^^^^^^^^^^
  File "/home/jules/.pyenv/versions/3.12.13/lib/python3.12/importlib/__init__.py", line 90, in import_module
    return _bootstrap._gcd_import(name[level:], package, level)
           ^^^^^^^^^^^^^^^^^^^^^^^^^^^^^^^^^^^^^^^^^^^^^^^^^^^^
  File "<frozen importlib._bootstrap>", line 1387, in _gcd_import
  File "<frozen importlib._bootstrap>", line 1360, in _find_and_load
  File "<frozen importlib._bootstrap>", line 1331, in _find_and_load_unlocked
  File "<frozen importlib._bootstrap>", line 935, in _load_unlocked
  File "<frozen importlib._bootstrap_external>", line 999, in exec_module
  File "<frozen importlib._bootstrap>", line 488, in _call_with_frames_removed
  File "/home/jules/.pyenv/versions/3.12.13/lib/python3.12/site-packages/transformers/models/efficientloftr/image_processing_efficientloftr.py", line 10, in <module>
    from torchvision.transforms.v2 import functional as tvF
ModuleNotFoundError: No module named 'torchvision'
[transformers] Accessing `__path__` from `.models.efficientloftr.image_processing_pil_efficientloftr`. Returning `__path__` instead. Behavior may be different and this alias will be removed in future versions.
[transformers] Accessing `__path__` from `.models.efficientnet.image_processing_efficientnet`. Returning `__path__` instead. Behavior may be different and this alias will be removed in future versions.
2026-06-01 00:53:28.456 Examining the path of transformers.models.efficientnet.image_processing_efficientnet_fast raised:
Traceback (most recent call last):
  File "/home/jules/.pyenv/versions/3.12.13/lib/python3.12/site-packages/streamlit/watcher/local_sources_watcher.py", line 330, in get_module_paths
    potential_paths = extract_paths(module)
                      ^^^^^^^^^^^^^^^^^^^^^
  File "/home/jules/.pyenv/versions/3.12.13/lib/python3.12/site-packages/streamlit/watcher/local_sources_watcher.py", line 317, in <lambda>
    if hasattr(m, "__path__")
       ^^^^^^^^^^^^^^^^^^^^^^
  File "/home/jules/.pyenv/versions/3.12.13/lib/python3.12/site-packages/transformers/__init__.py", line 843, in _getattr
    return getattr(importlib.import_module(target, __name__), new_name)
                   ^^^^^^^^^^^^^^^^^^^^^^^^^^^^^^^^^^^^^^^^^
  File "/home/jules/.pyenv/versions/3.12.13/lib/python3.12/importlib/__init__.py", line 90, in import_module
    return _bootstrap._gcd_import(name[level:], package, level)
           ^^^^^^^^^^^^^^^^^^^^^^^^^^^^^^^^^^^^^^^^^^^^^^^^^^^^
  File "<frozen importlib._bootstrap>", line 1387, in _gcd_import
  File "<frozen importlib._bootstrap>", line 1360, in _find_and_load
  File "<frozen importlib._bootstrap>", line 1331, in _find_and_load_unlocked
  File "<frozen importlib._bootstrap>", line 935, in _load_unlocked
  File "<frozen importlib._bootstrap_external>", line 999, in exec_module
  File "<frozen importlib._bootstrap>", line 488, in _call_with_frames_removed
  File "/home/jules/.pyenv/versions/3.12.13/lib/python3.12/site-packages/transformers/models/efficientnet/image_processing_efficientnet.py", line 20, in <module>
    from torchvision.transforms.v2 import functional as tvF
ModuleNotFoundError: No module named 'torchvision'
[transformers] Accessing `__path__` from `.models.efficientnet.image_processing_pil_efficientnet`. Returning `__path__` instead. Behavior may be different and this alias will be removed in future versions.
[transformers] Accessing `__path__` from `.models.emu3.image_processing_emu3`. Returning `__path__` instead. Behavior may be different and this alias will be removed in future versions.
[transformers] Accessing `__path__` from `.models.eomt.image_processing_eomt`. Returning `__path__` instead. Behavior may be different and this alias will be removed in future versions.
2026-06-01 00:53:28.459 Examining the path of transformers.models.eomt.image_processing_eomt_fast raised:
Traceback (most recent call last):
  File "/home/jules/.pyenv/versions/3.12.13/lib/python3.12/site-packages/streamlit/watcher/local_sources_watcher.py", line 330, in get_module_paths
    potential_paths = extract_paths(module)
                      ^^^^^^^^^^^^^^^^^^^^^
  File "/home/jules/.pyenv/versions/3.12.13/lib/python3.12/site-packages/streamlit/watcher/local_sources_watcher.py", line 317, in <lambda>
    if hasattr(m, "__path__")
       ^^^^^^^^^^^^^^^^^^^^^^
  File "/home/jules/.pyenv/versions/3.12.13/lib/python3.12/site-packages/transformers/__init__.py", line 843, in _getattr
    return getattr(importlib.import_module(target, __name__), new_name)
                   ^^^^^^^^^^^^^^^^^^^^^^^^^^^^^^^^^^^^^^^^^
  File "/home/jules/.pyenv/versions/3.12.13/lib/python3.12/importlib/__init__.py", line 90, in import_module
    return _bootstrap._gcd_import(name[level:], package, level)
           ^^^^^^^^^^^^^^^^^^^^^^^^^^^^^^^^^^^^^^^^^^^^^^^^^^^^
  File "<frozen importlib._bootstrap>", line 1387, in _gcd_import
  File "<frozen importlib._bootstrap>", line 1360, in _find_and_load
  File "<frozen importlib._bootstrap>", line 1331, in _find_and_load_unlocked
  File "<frozen importlib._bootstrap>", line 935, in _load_unlocked
  File "<frozen importlib._bootstrap_external>", line 999, in exec_module
  File "<frozen importlib._bootstrap>", line 488, in _call_with_frames_removed
  File "/home/jules/.pyenv/versions/3.12.13/lib/python3.12/site-packages/transformers/models/eomt/image_processing_eomt.py", line 21, in <module>
    from torchvision.transforms.v2 import functional as tvF
ModuleNotFoundError: No module named 'torchvision'
[transformers] Accessing `__path__` from `.models.eomt.image_processing_pil_eomt`. Returning `__path__` instead. Behavior may be different and this alias will be removed in future versions.
[transformers] Accessing `__path__` from `.models.ernie4_5_vl_moe.image_processing_ernie4_5_vl_moe`. Returning `__path__` instead. Behavior may be different and this alias will be removed in future versions.
2026-06-01 00:53:28.461 Examining the path of transformers.models.ernie4_5_vl_moe.image_processing_ernie4_5_vl_moe_fast raised:
Traceback (most recent call last):
  File "/home/jules/.pyenv/versions/3.12.13/lib/python3.12/site-packages/streamlit/watcher/local_sources_watcher.py", line 330, in get_module_paths
    potential_paths = extract_paths(module)
                      ^^^^^^^^^^^^^^^^^^^^^
  File "/home/jules/.pyenv/versions/3.12.13/lib/python3.12/site-packages/streamlit/watcher/local_sources_watcher.py", line 317, in <lambda>
    if hasattr(m, "__path__")
       ^^^^^^^^^^^^^^^^^^^^^^
  File "/home/jules/.pyenv/versions/3.12.13/lib/python3.12/site-packages/transformers/__init__.py", line 843, in _getattr
    return getattr(importlib.import_module(target, __name__), new_name)
                   ^^^^^^^^^^^^^^^^^^^^^^^^^^^^^^^^^^^^^^^^^
  File "/home/jules/.pyenv/versions/3.12.13/lib/python3.12/importlib/__init__.py", line 90, in import_module
    return _bootstrap._gcd_import(name[level:], package, level)
           ^^^^^^^^^^^^^^^^^^^^^^^^^^^^^^^^^^^^^^^^^^^^^^^^^^^^
  File "<frozen importlib._bootstrap>", line 1387, in _gcd_import
  File "<frozen importlib._bootstrap>", line 1360, in _find_and_load
  File "<frozen importlib._bootstrap>", line 1331, in _find_and_load_unlocked
  File "<frozen importlib._bootstrap>", line 935, in _load_unlocked
  File "<frozen importlib._bootstrap_external>", line 999, in exec_module
  File "<frozen importlib._bootstrap>", line 488, in _call_with_frames_removed
  File "/home/jules/.pyenv/versions/3.12.13/lib/python3.12/site-packages/transformers/models/ernie4_5_vl_moe/image_processing_ernie4_5_vl_moe.py", line 23, in <module>
    from torchvision.transforms.v2 import functional as tvF
ModuleNotFoundError: No module named 'torchvision'
[transformers] Accessing `__path__` from `.models.ernie4_5_vl_moe.image_processing_pil_ernie4_5_vl_moe`. Returning `__path__` instead. Behavior may be different and this alias will be removed in future versions.
[transformers] Accessing `__path__` from `.models.flava.image_processing_flava`. Returning `__path__` instead. Behavior may be different and this alias will be removed in future versions.
2026-06-01 00:53:28.464 Examining the path of transformers.models.flava.image_processing_flava_fast raised:
Traceback (most recent call last):
  File "/home/jules/.pyenv/versions/3.12.13/lib/python3.12/site-packages/streamlit/watcher/local_sources_watcher.py", line 330, in get_module_paths
    potential_paths = extract_paths(module)
                      ^^^^^^^^^^^^^^^^^^^^^
  File "/home/jules/.pyenv/versions/3.12.13/lib/python3.12/site-packages/streamlit/watcher/local_sources_watcher.py", line 317, in <lambda>
    if hasattr(m, "__path__")
       ^^^^^^^^^^^^^^^^^^^^^^
  File "/home/jules/.pyenv/versions/3.12.13/lib/python3.12/site-packages/transformers/__init__.py", line 843, in _getattr
    return getattr(importlib.import_module(target, __name__), new_name)
                   ^^^^^^^^^^^^^^^^^^^^^^^^^^^^^^^^^^^^^^^^^
  File "/home/jules/.pyenv/versions/3.12.13/lib/python3.12/importlib/__init__.py", line 90, in import_module
    return _bootstrap._gcd_import(name[level:], package, level)
           ^^^^^^^^^^^^^^^^^^^^^^^^^^^^^^^^^^^^^^^^^^^^^^^^^^^^
  File "<frozen importlib._bootstrap>", line 1387, in _gcd_import
  File "<frozen importlib._bootstrap>", line 1360, in _find_and_load
  File "<frozen importlib._bootstrap>", line 1331, in _find_and_load_unlocked
  File "<frozen importlib._bootstrap>", line 935, in _load_unlocked
  File "<frozen importlib._bootstrap_external>", line 999, in exec_module
  File "<frozen importlib._bootstrap>", line 488, in _call_with_frames_removed
  File "/home/jules/.pyenv/versions/3.12.13/lib/python3.12/site-packages/transformers/models/flava/image_processing_flava.py", line 23, in <module>
    from torchvision.transforms.v2 import functional as tvF
ModuleNotFoundError: No module named 'torchvision'
[transformers] Accessing `__path__` from `.models.flava.image_processing_pil_flava`. Returning `__path__` instead. Behavior may be different and this alias will be removed in future versions.
[transformers] Accessing `__path__` from `.models.fuyu.image_processing_fuyu`. Returning `__path__` instead. Behavior may be different and this alias will be removed in future versions.
2026-06-01 00:53:28.466 Examining the path of transformers.models.fuyu.image_processing_fuyu_fast raised:
Traceback (most recent call last):
  File "/home/jules/.pyenv/versions/3.12.13/lib/python3.12/site-packages/streamlit/watcher/local_sources_watcher.py", line 330, in get_module_paths
    potential_paths = extract_paths(module)
                      ^^^^^^^^^^^^^^^^^^^^^
  File "/home/jules/.pyenv/versions/3.12.13/lib/python3.12/site-packages/streamlit/watcher/local_sources_watcher.py", line 317, in <lambda>
    if hasattr(m, "__path__")
       ^^^^^^^^^^^^^^^^^^^^^^
  File "/home/jules/.pyenv/versions/3.12.13/lib/python3.12/site-packages/transformers/__init__.py", line 843, in _getattr
    return getattr(importlib.import_module(target, __name__), new_name)
                   ^^^^^^^^^^^^^^^^^^^^^^^^^^^^^^^^^^^^^^^^^
  File "/home/jules/.pyenv/versions/3.12.13/lib/python3.12/importlib/__init__.py", line 90, in import_module
    return _bootstrap._gcd_import(name[level:], package, level)
           ^^^^^^^^^^^^^^^^^^^^^^^^^^^^^^^^^^^^^^^^^^^^^^^^^^^^
  File "<frozen importlib._bootstrap>", line 1387, in _gcd_import
  File "<frozen importlib._bootstrap>", line 1360, in _find_and_load
  File "<frozen importlib._bootstrap>", line 1331, in _find_and_load_unlocked
  File "<frozen importlib._bootstrap>", line 935, in _load_unlocked
  File "<frozen importlib._bootstrap_external>", line 999, in exec_module
  File "<frozen importlib._bootstrap>", line 488, in _call_with_frames_removed
  File "/home/jules/.pyenv/versions/3.12.13/lib/python3.12/site-packages/transformers/models/fuyu/image_processing_fuyu.py", line 19, in <module>
    from torchvision.transforms.v2 import functional as tvF
ModuleNotFoundError: No module named 'torchvision'
[transformers] Accessing `__path__` from `.models.fuyu.image_processing_pil_fuyu`. Returning `__path__` instead. Behavior may be different and this alias will be removed in future versions.
[transformers] Accessing `__path__` from `.models.gemma3.image_processing_gemma3`. Returning `__path__` instead. Behavior may be different and this alias will be removed in future versions.
2026-06-01 00:53:28.468 Examining the path of transformers.models.gemma3.image_processing_gemma3_fast raised:
Traceback (most recent call last):
  File "/home/jules/.pyenv/versions/3.12.13/lib/python3.12/site-packages/streamlit/watcher/local_sources_watcher.py", line 330, in get_module_paths
    potential_paths = extract_paths(module)
                      ^^^^^^^^^^^^^^^^^^^^^
  File "/home/jules/.pyenv/versions/3.12.13/lib/python3.12/site-packages/streamlit/watcher/local_sources_watcher.py", line 317, in <lambda>
    if hasattr(m, "__path__")
       ^^^^^^^^^^^^^^^^^^^^^^
  File "/home/jules/.pyenv/versions/3.12.13/lib/python3.12/site-packages/transformers/__init__.py", line 843, in _getattr
    return getattr(importlib.import_module(target, __name__), new_name)
                   ^^^^^^^^^^^^^^^^^^^^^^^^^^^^^^^^^^^^^^^^^
  File "/home/jules/.pyenv/versions/3.12.13/lib/python3.12/importlib/__init__.py", line 90, in import_module
    return _bootstrap._gcd_import(name[level:], package, level)
           ^^^^^^^^^^^^^^^^^^^^^^^^^^^^^^^^^^^^^^^^^^^^^^^^^^^^
  File "<frozen importlib._bootstrap>", line 1387, in _gcd_import
  File "<frozen importlib._bootstrap>", line 1360, in _find_and_load
  File "<frozen importlib._bootstrap>", line 1331, in _find_and_load_unlocked
  File "<frozen importlib._bootstrap>", line 935, in _load_unlocked
  File "<frozen importlib._bootstrap_external>", line 999, in exec_module
  File "<frozen importlib._bootstrap>", line 488, in _call_with_frames_removed
  File "/home/jules/.pyenv/versions/3.12.13/lib/python3.12/site-packages/transformers/models/gemma3/image_processing_gemma3.py", line 20, in <module>
    from torchvision.transforms.v2 import functional as tvF
ModuleNotFoundError: No module named 'torchvision'
[transformers] Accessing `__path__` from `.models.gemma3.image_processing_pil_gemma3`. Returning `__path__` instead. Behavior may be different and this alias will be removed in future versions.
[transformers] Accessing `__path__` from `.models.gemma4.image_processing_gemma4`. Returning `__path__` instead. Behavior may be different and this alias will be removed in future versions.
2026-06-01 00:53:28.469 Examining the path of transformers.models.gemma4.image_processing_gemma4_fast raised:
Traceback (most recent call last):
  File "/home/jules/.pyenv/versions/3.12.13/lib/python3.12/site-packages/streamlit/watcher/local_sources_watcher.py", line 330, in get_module_paths
    potential_paths = extract_paths(module)
                      ^^^^^^^^^^^^^^^^^^^^^
  File "/home/jules/.pyenv/versions/3.12.13/lib/python3.12/site-packages/streamlit/watcher/local_sources_watcher.py", line 317, in <lambda>
    if hasattr(m, "__path__")
       ^^^^^^^^^^^^^^^^^^^^^^
  File "/home/jules/.pyenv/versions/3.12.13/lib/python3.12/site-packages/transformers/__init__.py", line 843, in _getattr
    return getattr(importlib.import_module(target, __name__), new_name)
                   ^^^^^^^^^^^^^^^^^^^^^^^^^^^^^^^^^^^^^^^^^
  File "/home/jules/.pyenv/versions/3.12.13/lib/python3.12/importlib/__init__.py", line 90, in import_module
    return _bootstrap._gcd_import(name[level:], package, level)
           ^^^^^^^^^^^^^^^^^^^^^^^^^^^^^^^^^^^^^^^^^^^^^^^^^^^^
  File "<frozen importlib._bootstrap>", line 1387, in _gcd_import
  File "<frozen importlib._bootstrap>", line 1360, in _find_and_load
  File "<frozen importlib._bootstrap>", line 1331, in _find_and_load_unlocked
  File "<frozen importlib._bootstrap>", line 935, in _load_unlocked
  File "<frozen importlib._bootstrap_external>", line 999, in exec_module
  File "<frozen importlib._bootstrap>", line 488, in _call_with_frames_removed
  File "/home/jules/.pyenv/versions/3.12.13/lib/python3.12/site-packages/transformers/models/gemma4/image_processing_gemma4.py", line 17, in <module>
    from torchvision.transforms.v2 import functional as F
ModuleNotFoundError: No module named 'torchvision'
[transformers] Accessing `__path__` from `.models.gemma4.image_processing_pil_gemma4`. Returning `__path__` instead. Behavior may be different and this alias will be removed in future versions.
[transformers] Accessing `__path__` from `.models.glm46v.image_processing_glm46v`. Returning `__path__` instead. Behavior may be different and this alias will be removed in future versions.
2026-06-01 00:53:28.471 Examining the path of transformers.models.glm46v.image_processing_glm46v_fast raised:
Traceback (most recent call last):
  File "/home/jules/.pyenv/versions/3.12.13/lib/python3.12/site-packages/streamlit/watcher/local_sources_watcher.py", line 330, in get_module_paths
    potential_paths = extract_paths(module)
                      ^^^^^^^^^^^^^^^^^^^^^
  File "/home/jules/.pyenv/versions/3.12.13/lib/python3.12/site-packages/streamlit/watcher/local_sources_watcher.py", line 317, in <lambda>
    if hasattr(m, "__path__")
       ^^^^^^^^^^^^^^^^^^^^^^
  File "/home/jules/.pyenv/versions/3.12.13/lib/python3.12/site-packages/transformers/__init__.py", line 843, in _getattr
    return getattr(importlib.import_module(target, __name__), new_name)
                   ^^^^^^^^^^^^^^^^^^^^^^^^^^^^^^^^^^^^^^^^^
  File "/home/jules/.pyenv/versions/3.12.13/lib/python3.12/importlib/__init__.py", line 90, in import_module
    return _bootstrap._gcd_import(name[level:], package, level)
           ^^^^^^^^^^^^^^^^^^^^^^^^^^^^^^^^^^^^^^^^^^^^^^^^^^^^
  File "<frozen importlib._bootstrap>", line 1387, in _gcd_import
  File "<frozen importlib._bootstrap>", line 1360, in _find_and_load
  File "<frozen importlib._bootstrap>", line 1331, in _find_and_load_unlocked
  File "<frozen importlib._bootstrap>", line 935, in _load_unlocked
  File "<frozen importlib._bootstrap_external>", line 999, in exec_module
  File "<frozen importlib._bootstrap>", line 488, in _call_with_frames_removed
  File "/home/jules/.pyenv/versions/3.12.13/lib/python3.12/site-packages/transformers/models/glm46v/image_processing_glm46v.py", line 25, in <module>
    from torchvision.transforms.v2 import functional as tvF
ModuleNotFoundError: No module named 'torchvision'
[transformers] Accessing `__path__` from `.models.glm46v.image_processing_pil_glm46v`. Returning `__path__` instead. Behavior may be different and this alias will be removed in future versions.
[transformers] Accessing `__path__` from `.models.glm4v.image_processing_glm4v`. Returning `__path__` instead. Behavior may be different and this alias will be removed in future versions.
2026-06-01 00:53:28.474 Examining the path of transformers.models.glm4v.image_processing_glm4v_fast raised:
Traceback (most recent call last):
  File "/home/jules/.pyenv/versions/3.12.13/lib/python3.12/site-packages/streamlit/watcher/local_sources_watcher.py", line 330, in get_module_paths
    potential_paths = extract_paths(module)
                      ^^^^^^^^^^^^^^^^^^^^^
  File "/home/jules/.pyenv/versions/3.12.13/lib/python3.12/site-packages/streamlit/watcher/local_sources_watcher.py", line 317, in <lambda>
    if hasattr(m, "__path__")
       ^^^^^^^^^^^^^^^^^^^^^^
  File "/home/jules/.pyenv/versions/3.12.13/lib/python3.12/site-packages/transformers/__init__.py", line 843, in _getattr
    return getattr(importlib.import_module(target, __name__), new_name)
                   ^^^^^^^^^^^^^^^^^^^^^^^^^^^^^^^^^^^^^^^^^
  File "/home/jules/.pyenv/versions/3.12.13/lib/python3.12/importlib/__init__.py", line 90, in import_module
    return _bootstrap._gcd_import(name[level:], package, level)
           ^^^^^^^^^^^^^^^^^^^^^^^^^^^^^^^^^^^^^^^^^^^^^^^^^^^^
  File "<frozen importlib._bootstrap>", line 1387, in _gcd_import
  File "<frozen importlib._bootstrap>", line 1360, in _find_and_load
  File "<frozen importlib._bootstrap>", line 1331, in _find_and_load_unlocked
  File "<frozen importlib._bootstrap>", line 935, in _load_unlocked
  File "<frozen importlib._bootstrap_external>", line 999, in exec_module
  File "<frozen importlib._bootstrap>", line 488, in _call_with_frames_removed
  File "/home/jules/.pyenv/versions/3.12.13/lib/python3.12/site-packages/transformers/models/glm4v/image_processing_glm4v.py", line 19, in <module>
    from torchvision.transforms.v2 import functional as tvF
ModuleNotFoundError: No module named 'torchvision'
[transformers] Accessing `__path__` from `.models.glm4v.image_processing_pil_glm4v`. Returning `__path__` instead. Behavior may be different and this alias will be removed in future versions.
[transformers] Accessing `__path__` from `.models.glm_image.image_processing_glm_image`. Returning `__path__` instead. Behavior may be different and this alias will be removed in future versions.
2026-06-01 00:53:28.476 Examining the path of transformers.models.glm_image.image_processing_glm_image_fast raised:
Traceback (most recent call last):
  File "/home/jules/.pyenv/versions/3.12.13/lib/python3.12/site-packages/streamlit/watcher/local_sources_watcher.py", line 330, in get_module_paths
    potential_paths = extract_paths(module)
                      ^^^^^^^^^^^^^^^^^^^^^
  File "/home/jules/.pyenv/versions/3.12.13/lib/python3.12/site-packages/streamlit/watcher/local_sources_watcher.py", line 317, in <lambda>
    if hasattr(m, "__path__")
       ^^^^^^^^^^^^^^^^^^^^^^
  File "/home/jules/.pyenv/versions/3.12.13/lib/python3.12/site-packages/transformers/__init__.py", line 843, in _getattr
    return getattr(importlib.import_module(target, __name__), new_name)
                   ^^^^^^^^^^^^^^^^^^^^^^^^^^^^^^^^^^^^^^^^^
  File "/home/jules/.pyenv/versions/3.12.13/lib/python3.12/importlib/__init__.py", line 90, in import_module
    return _bootstrap._gcd_import(name[level:], package, level)
           ^^^^^^^^^^^^^^^^^^^^^^^^^^^^^^^^^^^^^^^^^^^^^^^^^^^^
  File "<frozen importlib._bootstrap>", line 1387, in _gcd_import
  File "<frozen importlib._bootstrap>", line 1360, in _find_and_load
  File "<frozen importlib._bootstrap>", line 1331, in _find_and_load_unlocked
  File "<frozen importlib._bootstrap>", line 935, in _load_unlocked
  File "<frozen importlib._bootstrap_external>", line 999, in exec_module
  File "<frozen importlib._bootstrap>", line 488, in _call_with_frames_removed
  File "/home/jules/.pyenv/versions/3.12.13/lib/python3.12/site-packages/transformers/models/glm_image/image_processing_glm_image.py", line 25, in <module>
    from torchvision.transforms.v2 import functional as tvF
ModuleNotFoundError: No module named 'torchvision'
[transformers] Accessing `__path__` from `.models.glm_image.image_processing_pil_glm_image`. Returning `__path__` instead. Behavior may be different and this alias will be removed in future versions.
[transformers] Accessing `__path__` from `.models.glpn.image_processing_glpn`. Returning `__path__` instead. Behavior may be different and this alias will be removed in future versions.
2026-06-01 00:53:28.478 Examining the path of transformers.models.glpn.image_processing_glpn_fast raised:
Traceback (most recent call last):
  File "/home/jules/.pyenv/versions/3.12.13/lib/python3.12/site-packages/streamlit/watcher/local_sources_watcher.py", line 330, in get_module_paths
    potential_paths = extract_paths(module)
                      ^^^^^^^^^^^^^^^^^^^^^
  File "/home/jules/.pyenv/versions/3.12.13/lib/python3.12/site-packages/streamlit/watcher/local_sources_watcher.py", line 317, in <lambda>
    if hasattr(m, "__path__")
       ^^^^^^^^^^^^^^^^^^^^^^
  File "/home/jules/.pyenv/versions/3.12.13/lib/python3.12/site-packages/transformers/__init__.py", line 843, in _getattr
    return getattr(importlib.import_module(target, __name__), new_name)
                   ^^^^^^^^^^^^^^^^^^^^^^^^^^^^^^^^^^^^^^^^^
  File "/home/jules/.pyenv/versions/3.12.13/lib/python3.12/importlib/__init__.py", line 90, in import_module
    return _bootstrap._gcd_import(name[level:], package, level)
           ^^^^^^^^^^^^^^^^^^^^^^^^^^^^^^^^^^^^^^^^^^^^^^^^^^^^
  File "<frozen importlib._bootstrap>", line 1387, in _gcd_import
  File "<frozen importlib._bootstrap>", line 1360, in _find_and_load
  File "<frozen importlib._bootstrap>", line 1331, in _find_and_load_unlocked
  File "<frozen importlib._bootstrap>", line 935, in _load_unlocked
  File "<frozen importlib._bootstrap_external>", line 999, in exec_module
  File "<frozen importlib._bootstrap>", line 488, in _call_with_frames_removed
  File "/home/jules/.pyenv/versions/3.12.13/lib/python3.12/site-packages/transformers/models/glpn/image_processing_glpn.py", line 34, in <module>
    from torchvision.transforms.v2 import functional as tvF
ModuleNotFoundError: No module named 'torchvision'
[transformers] Accessing `__path__` from `.models.glpn.image_processing_pil_glpn`. Returning `__path__` instead. Behavior may be different and this alias will be removed in future versions.
[transformers] Accessing `__path__` from `.models.got_ocr2.image_processing_got_ocr2`. Returning `__path__` instead. Behavior may be different and this alias will be removed in future versions.
2026-06-01 00:53:28.480 Examining the path of transformers.models.got_ocr2.image_processing_got_ocr2_fast raised:
Traceback (most recent call last):
  File "/home/jules/.pyenv/versions/3.12.13/lib/python3.12/site-packages/streamlit/watcher/local_sources_watcher.py", line 330, in get_module_paths
    potential_paths = extract_paths(module)
                      ^^^^^^^^^^^^^^^^^^^^^
  File "/home/jules/.pyenv/versions/3.12.13/lib/python3.12/site-packages/streamlit/watcher/local_sources_watcher.py", line 317, in <lambda>
    if hasattr(m, "__path__")
       ^^^^^^^^^^^^^^^^^^^^^^
  File "/home/jules/.pyenv/versions/3.12.13/lib/python3.12/site-packages/transformers/__init__.py", line 843, in _getattr
    return getattr(importlib.import_module(target, __name__), new_name)
                   ^^^^^^^^^^^^^^^^^^^^^^^^^^^^^^^^^^^^^^^^^
  File "/home/jules/.pyenv/versions/3.12.13/lib/python3.12/importlib/__init__.py", line 90, in import_module
    return _bootstrap._gcd_import(name[level:], package, level)
           ^^^^^^^^^^^^^^^^^^^^^^^^^^^^^^^^^^^^^^^^^^^^^^^^^^^^
  File "<frozen importlib._bootstrap>", line 1387, in _gcd_import
  File "<frozen importlib._bootstrap>", line 1360, in _find_and_load
  File "<frozen importlib._bootstrap>", line 1331, in _find_and_load_unlocked
  File "<frozen importlib._bootstrap>", line 935, in _load_unlocked
  File "<frozen importlib._bootstrap_external>", line 999, in exec_module
  File "<frozen importlib._bootstrap>", line 488, in _call_with_frames_removed
  File "/home/jules/.pyenv/versions/3.12.13/lib/python3.12/site-packages/transformers/models/got_ocr2/image_processing_got_ocr2.py", line 19, in <module>
    from torchvision.transforms.v2 import functional as tvF
ModuleNotFoundError: No module named 'torchvision'
[transformers] Accessing `__path__` from `.models.got_ocr2.image_processing_pil_got_ocr2`. Returning `__path__` instead. Behavior may be different and this alias will be removed in future versions.
[transformers] Accessing `__path__` from `.models.grounding_dino.image_processing_grounding_dino`. Returning `__path__` instead. Behavior may be different and this alias will be removed in future versions.
2026-06-01 00:53:28.482 Examining the path of transformers.models.grounding_dino.image_processing_grounding_dino_fast raised:
Traceback (most recent call last):
  File "/home/jules/.pyenv/versions/3.12.13/lib/python3.12/site-packages/streamlit/watcher/local_sources_watcher.py", line 330, in get_module_paths
    potential_paths = extract_paths(module)
                      ^^^^^^^^^^^^^^^^^^^^^
  File "/home/jules/.pyenv/versions/3.12.13/lib/python3.12/site-packages/streamlit/watcher/local_sources_watcher.py", line 317, in <lambda>
    if hasattr(m, "__path__")
       ^^^^^^^^^^^^^^^^^^^^^^
  File "/home/jules/.pyenv/versions/3.12.13/lib/python3.12/site-packages/transformers/__init__.py", line 843, in _getattr
    return getattr(importlib.import_module(target, __name__), new_name)
                   ^^^^^^^^^^^^^^^^^^^^^^^^^^^^^^^^^^^^^^^^^
  File "/home/jules/.pyenv/versions/3.12.13/lib/python3.12/importlib/__init__.py", line 90, in import_module
    return _bootstrap._gcd_import(name[level:], package, level)
           ^^^^^^^^^^^^^^^^^^^^^^^^^^^^^^^^^^^^^^^^^^^^^^^^^^^^
  File "<frozen importlib._bootstrap>", line 1387, in _gcd_import
  File "<frozen importlib._bootstrap>", line 1360, in _find_and_load
  File "<frozen importlib._bootstrap>", line 1331, in _find_and_load_unlocked
  File "<frozen importlib._bootstrap>", line 935, in _load_unlocked
  File "<frozen importlib._bootstrap_external>", line 999, in exec_module
  File "<frozen importlib._bootstrap>", line 488, in _call_with_frames_removed
  File "/home/jules/.pyenv/versions/3.12.13/lib/python3.12/site-packages/transformers/models/grounding_dino/image_processing_grounding_dino.py", line 30, in <module>
    from torchvision.io import read_image
ModuleNotFoundError: No module named 'torchvision'
[transformers] Accessing `__path__` from `.models.grounding_dino.image_processing_pil_grounding_dino`. Returning `__path__` instead. Behavior may be different and this alias will be removed in future versions.
[transformers] Accessing `__path__` from `.models.idefics.image_processing_idefics`. Returning `__path__` instead. Behavior may be different and this alias will be removed in future versions.
[transformers] Accessing `__path__` from `.models.idefics.image_processing_pil_idefics`. Returning `__path__` instead. Behavior may be different and this alias will be removed in future versions.
[transformers] Accessing `__path__` from `.models.idefics2.image_processing_idefics2`. Returning `__path__` instead. Behavior may be different and this alias will be removed in future versions.
2026-06-01 00:53:28.484 Examining the path of transformers.models.idefics2.image_processing_idefics2_fast raised:
Traceback (most recent call last):
  File "/home/jules/.pyenv/versions/3.12.13/lib/python3.12/site-packages/streamlit/watcher/local_sources_watcher.py", line 330, in get_module_paths
    potential_paths = extract_paths(module)
                      ^^^^^^^^^^^^^^^^^^^^^
  File "/home/jules/.pyenv/versions/3.12.13/lib/python3.12/site-packages/streamlit/watcher/local_sources_watcher.py", line 317, in <lambda>
    if hasattr(m, "__path__")
       ^^^^^^^^^^^^^^^^^^^^^^
  File "/home/jules/.pyenv/versions/3.12.13/lib/python3.12/site-packages/transformers/__init__.py", line 843, in _getattr
    return getattr(importlib.import_module(target, __name__), new_name)
                   ^^^^^^^^^^^^^^^^^^^^^^^^^^^^^^^^^^^^^^^^^
  File "/home/jules/.pyenv/versions/3.12.13/lib/python3.12/importlib/__init__.py", line 90, in import_module
    return _bootstrap._gcd_import(name[level:], package, level)
           ^^^^^^^^^^^^^^^^^^^^^^^^^^^^^^^^^^^^^^^^^^^^^^^^^^^^
  File "<frozen importlib._bootstrap>", line 1387, in _gcd_import
  File "<frozen importlib._bootstrap>", line 1360, in _find_and_load
  File "<frozen importlib._bootstrap>", line 1331, in _find_and_load_unlocked
  File "<frozen importlib._bootstrap>", line 935, in _load_unlocked
  File "<frozen importlib._bootstrap_external>", line 999, in exec_module
  File "<frozen importlib._bootstrap>", line 488, in _call_with_frames_removed
  File "/home/jules/.pyenv/versions/3.12.13/lib/python3.12/site-packages/transformers/models/idefics2/image_processing_idefics2.py", line 37, in <module>
    from torchvision.transforms.v2 import functional as tvF
ModuleNotFoundError: No module named 'torchvision'
[transformers] Accessing `__path__` from `.models.idefics2.image_processing_pil_idefics2`. Returning `__path__` instead. Behavior may be different and this alias will be removed in future versions.
[transformers] Accessing `__path__` from `.models.idefics3.image_processing_idefics3`. Returning `__path__` instead. Behavior may be different and this alias will be removed in future versions.
2026-06-01 00:53:28.487 Examining the path of transformers.models.idefics3.image_processing_idefics3_fast raised:
Traceback (most recent call last):
  File "/home/jules/.pyenv/versions/3.12.13/lib/python3.12/site-packages/streamlit/watcher/local_sources_watcher.py", line 330, in get_module_paths
    potential_paths = extract_paths(module)
                      ^^^^^^^^^^^^^^^^^^^^^
  File "/home/jules/.pyenv/versions/3.12.13/lib/python3.12/site-packages/streamlit/watcher/local_sources_watcher.py", line 317, in <lambda>
    if hasattr(m, "__path__")
       ^^^^^^^^^^^^^^^^^^^^^^
  File "/home/jules/.pyenv/versions/3.12.13/lib/python3.12/site-packages/transformers/__init__.py", line 843, in _getattr
    return getattr(importlib.import_module(target, __name__), new_name)
                   ^^^^^^^^^^^^^^^^^^^^^^^^^^^^^^^^^^^^^^^^^
  File "/home/jules/.pyenv/versions/3.12.13/lib/python3.12/importlib/__init__.py", line 90, in import_module
    return _bootstrap._gcd_import(name[level:], package, level)
           ^^^^^^^^^^^^^^^^^^^^^^^^^^^^^^^^^^^^^^^^^^^^^^^^^^^^
  File "<frozen importlib._bootstrap>", line 1387, in _gcd_import
  File "<frozen importlib._bootstrap>", line 1360, in _find_and_load
  File "<frozen importlib._bootstrap>", line 1331, in _find_and_load_unlocked
  File "<frozen importlib._bootstrap>", line 935, in _load_unlocked
  File "<frozen importlib._bootstrap_external>", line 999, in exec_module
  File "<frozen importlib._bootstrap>", line 488, in _call_with_frames_removed
  File "/home/jules/.pyenv/versions/3.12.13/lib/python3.12/site-packages/transformers/models/idefics3/image_processing_idefics3.py", line 20, in <module>
    from torchvision.transforms.v2 import functional as tvF
ModuleNotFoundError: No module named 'torchvision'
[transformers] Accessing `__path__` from `.models.idefics3.image_processing_pil_idefics3`. Returning `__path__` instead. Behavior may be different and this alias will be removed in future versions.
[transformers] Accessing `__path__` from `.models.imagegpt.image_processing_imagegpt`. Returning `__path__` instead. Behavior may be different and this alias will be removed in future versions.
2026-06-01 00:53:28.488 Examining the path of transformers.models.imagegpt.image_processing_imagegpt_fast raised:
Traceback (most recent call last):
  File "/home/jules/.pyenv/versions/3.12.13/lib/python3.12/site-packages/streamlit/watcher/local_sources_watcher.py", line 330, in get_module_paths
    potential_paths = extract_paths(module)
                      ^^^^^^^^^^^^^^^^^^^^^
  File "/home/jules/.pyenv/versions/3.12.13/lib/python3.12/site-packages/streamlit/watcher/local_sources_watcher.py", line 317, in <lambda>
    if hasattr(m, "__path__")
       ^^^^^^^^^^^^^^^^^^^^^^
  File "/home/jules/.pyenv/versions/3.12.13/lib/python3.12/site-packages/transformers/__init__.py", line 843, in _getattr
    return getattr(importlib.import_module(target, __name__), new_name)
                   ^^^^^^^^^^^^^^^^^^^^^^^^^^^^^^^^^^^^^^^^^
  File "/home/jules/.pyenv/versions/3.12.13/lib/python3.12/importlib/__init__.py", line 90, in import_module
    return _bootstrap._gcd_import(name[level:], package, level)
           ^^^^^^^^^^^^^^^^^^^^^^^^^^^^^^^^^^^^^^^^^^^^^^^^^^^^
  File "<frozen importlib._bootstrap>", line 1387, in _gcd_import
  File "<frozen importlib._bootstrap>", line 1360, in _find_and_load
  File "<frozen importlib._bootstrap>", line 1331, in _find_and_load_unlocked
  File "<frozen importlib._bootstrap>", line 935, in _load_unlocked
  File "<frozen importlib._bootstrap_external>", line 999, in exec_module
  File "<frozen importlib._bootstrap>", line 488, in _call_with_frames_removed
  File "/home/jules/.pyenv/versions/3.12.13/lib/python3.12/site-packages/transformers/models/imagegpt/image_processing_imagegpt.py", line 20, in <module>
    from torchvision.transforms.v2 import functional as tvF
ModuleNotFoundError: No module named 'torchvision'
[transformers] Accessing `__path__` from `.models.imagegpt.image_processing_pil_imagegpt`. Returning `__path__` instead. Behavior may be different and this alias will be removed in future versions.
[transformers] Accessing `__path__` from `.models.janus.image_processing_janus`. Returning `__path__` instead. Behavior may be different and this alias will be removed in future versions.
2026-06-01 00:53:28.490 Examining the path of transformers.models.janus.image_processing_janus_fast raised:
Traceback (most recent call last):
  File "/home/jules/.pyenv/versions/3.12.13/lib/python3.12/site-packages/streamlit/watcher/local_sources_watcher.py", line 330, in get_module_paths
    potential_paths = extract_paths(module)
                      ^^^^^^^^^^^^^^^^^^^^^
  File "/home/jules/.pyenv/versions/3.12.13/lib/python3.12/site-packages/streamlit/watcher/local_sources_watcher.py", line 317, in <lambda>
    if hasattr(m, "__path__")
       ^^^^^^^^^^^^^^^^^^^^^^
  File "/home/jules/.pyenv/versions/3.12.13/lib/python3.12/site-packages/transformers/__init__.py", line 843, in _getattr
    return getattr(importlib.import_module(target, __name__), new_name)
                   ^^^^^^^^^^^^^^^^^^^^^^^^^^^^^^^^^^^^^^^^^
  File "/home/jules/.pyenv/versions/3.12.13/lib/python3.12/importlib/__init__.py", line 90, in import_module
    return _bootstrap._gcd_import(name[level:], package, level)
           ^^^^^^^^^^^^^^^^^^^^^^^^^^^^^^^^^^^^^^^^^^^^^^^^^^^^
  File "<frozen importlib._bootstrap>", line 1387, in _gcd_import
  File "<frozen importlib._bootstrap>", line 1360, in _find_and_load
  File "<frozen importlib._bootstrap>", line 1331, in _find_and_load_unlocked
  File "<frozen importlib._bootstrap>", line 935, in _load_unlocked
  File "<frozen importlib._bootstrap_external>", line 999, in exec_module
  File "<frozen importlib._bootstrap>", line 488, in _call_with_frames_removed
  File "/home/jules/.pyenv/versions/3.12.13/lib/python3.12/site-packages/transformers/models/janus/image_processing_janus.py", line 17, in <module>
    import torchvision.transforms.v2.functional as tvF
ModuleNotFoundError: No module named 'torchvision'
[transformers] Accessing `__path__` from `.models.janus.image_processing_pil_janus`. Returning `__path__` instead. Behavior may be different and this alias will be removed in future versions.
[transformers] Accessing `__path__` from `.models.kosmos2_5.image_processing_kosmos2_5`. Returning `__path__` instead. Behavior may be different and this alias will be removed in future versions.
[transformers] Accessing `__path__` from `.models.kosmos2_5.image_processing_pil_kosmos2_5`. Returning `__path__` instead. Behavior may be different and this alias will be removed in future versions.
[transformers] Accessing `__path__` from `.models.layoutlmv2.image_processing_layoutlmv2`. Returning `__path__` instead. Behavior may be different and this alias will be removed in future versions.
2026-06-01 00:53:28.492 Examining the path of transformers.models.layoutlmv2.image_processing_layoutlmv2_fast raised:
Traceback (most recent call last):
  File "/home/jules/.pyenv/versions/3.12.13/lib/python3.12/site-packages/streamlit/watcher/local_sources_watcher.py", line 330, in get_module_paths
    potential_paths = extract_paths(module)
                      ^^^^^^^^^^^^^^^^^^^^^
  File "/home/jules/.pyenv/versions/3.12.13/lib/python3.12/site-packages/streamlit/watcher/local_sources_watcher.py", line 317, in <lambda>
    if hasattr(m, "__path__")
       ^^^^^^^^^^^^^^^^^^^^^^
  File "/home/jules/.pyenv/versions/3.12.13/lib/python3.12/site-packages/transformers/__init__.py", line 843, in _getattr
    return getattr(importlib.import_module(target, __name__), new_name)
                   ^^^^^^^^^^^^^^^^^^^^^^^^^^^^^^^^^^^^^^^^^
  File "/home/jules/.pyenv/versions/3.12.13/lib/python3.12/importlib/__init__.py", line 90, in import_module
    return _bootstrap._gcd_import(name[level:], package, level)
           ^^^^^^^^^^^^^^^^^^^^^^^^^^^^^^^^^^^^^^^^^^^^^^^^^^^^
  File "<frozen importlib._bootstrap>", line 1387, in _gcd_import
  File "<frozen importlib._bootstrap>", line 1360, in _find_and_load
  File "<frozen importlib._bootstrap>", line 1331, in _find_and_load_unlocked
  File "<frozen importlib._bootstrap>", line 935, in _load_unlocked
  File "<frozen importlib._bootstrap_external>", line 999, in exec_module
  File "<frozen importlib._bootstrap>", line 488, in _call_with_frames_removed
  File "/home/jules/.pyenv/versions/3.12.13/lib/python3.12/site-packages/transformers/models/layoutlmv2/image_processing_layoutlmv2.py", line 36, in <module>
    from torchvision.transforms.v2 import functional as tvF
ModuleNotFoundError: No module named 'torchvision'
[transformers] Accessing `__path__` from `.models.layoutlmv2.image_processing_pil_layoutlmv2`. Returning `__path__` instead. Behavior may be different and this alias will be removed in future versions.
[transformers] Accessing `__path__` from `.models.layoutlmv3.image_processing_layoutlmv3`. Returning `__path__` instead. Behavior may be different and this alias will be removed in future versions.
2026-06-01 00:53:28.494 Examining the path of transformers.models.layoutlmv3.image_processing_layoutlmv3_fast raised:
Traceback (most recent call last):
  File "/home/jules/.pyenv/versions/3.12.13/lib/python3.12/site-packages/streamlit/watcher/local_sources_watcher.py", line 330, in get_module_paths
    potential_paths = extract_paths(module)
                      ^^^^^^^^^^^^^^^^^^^^^
  File "/home/jules/.pyenv/versions/3.12.13/lib/python3.12/site-packages/streamlit/watcher/local_sources_watcher.py", line 317, in <lambda>
    if hasattr(m, "__path__")
       ^^^^^^^^^^^^^^^^^^^^^^
  File "/home/jules/.pyenv/versions/3.12.13/lib/python3.12/site-packages/transformers/__init__.py", line 843, in _getattr
    return getattr(importlib.import_module(target, __name__), new_name)
                   ^^^^^^^^^^^^^^^^^^^^^^^^^^^^^^^^^^^^^^^^^
  File "/home/jules/.pyenv/versions/3.12.13/lib/python3.12/importlib/__init__.py", line 90, in import_module
    return _bootstrap._gcd_import(name[level:], package, level)
           ^^^^^^^^^^^^^^^^^^^^^^^^^^^^^^^^^^^^^^^^^^^^^^^^^^^^
  File "<frozen importlib._bootstrap>", line 1387, in _gcd_import
  File "<frozen importlib._bootstrap>", line 1360, in _find_and_load
  File "<frozen importlib._bootstrap>", line 1331, in _find_and_load_unlocked
  File "<frozen importlib._bootstrap>", line 935, in _load_unlocked
  File "<frozen importlib._bootstrap_external>", line 999, in exec_module
  File "<frozen importlib._bootstrap>", line 488, in _call_with_frames_removed
  File "/home/jules/.pyenv/versions/3.12.13/lib/python3.12/site-packages/transformers/models/layoutlmv3/image_processing_layoutlmv3.py", line 42, in <module>
    from torchvision.transforms.v2 import functional as tvF
ModuleNotFoundError: No module named 'torchvision'
[transformers] Accessing `__path__` from `.models.layoutlmv3.image_processing_pil_layoutlmv3`. Returning `__path__` instead. Behavior may be different and this alias will be removed in future versions.
[transformers] Accessing `__path__` from `.models.levit.image_processing_levit`. Returning `__path__` instead. Behavior may be different and this alias will be removed in future versions.
2026-06-01 00:53:28.496 Examining the path of transformers.models.levit.image_processing_levit_fast raised:
Traceback (most recent call last):
  File "/home/jules/.pyenv/versions/3.12.13/lib/python3.12/site-packages/streamlit/watcher/local_sources_watcher.py", line 330, in get_module_paths
    potential_paths = extract_paths(module)
                      ^^^^^^^^^^^^^^^^^^^^^
  File "/home/jules/.pyenv/versions/3.12.13/lib/python3.12/site-packages/streamlit/watcher/local_sources_watcher.py", line 317, in <lambda>
    if hasattr(m, "__path__")
       ^^^^^^^^^^^^^^^^^^^^^^
  File "/home/jules/.pyenv/versions/3.12.13/lib/python3.12/site-packages/transformers/__init__.py", line 843, in _getattr
    return getattr(importlib.import_module(target, __name__), new_name)
                   ^^^^^^^^^^^^^^^^^^^^^^^^^^^^^^^^^^^^^^^^^
  File "/home/jules/.pyenv/versions/3.12.13/lib/python3.12/importlib/__init__.py", line 90, in import_module
    return _bootstrap._gcd_import(name[level:], package, level)
           ^^^^^^^^^^^^^^^^^^^^^^^^^^^^^^^^^^^^^^^^^^^^^^^^^^^^
  File "<frozen importlib._bootstrap>", line 1387, in _gcd_import
  File "<frozen importlib._bootstrap>", line 1360, in _find_and_load
  File "<frozen importlib._bootstrap>", line 1331, in _find_and_load_unlocked
  File "<frozen importlib._bootstrap>", line 935, in _load_unlocked
  File "<frozen importlib._bootstrap_external>", line 999, in exec_module
  File "<frozen importlib._bootstrap>", line 488, in _call_with_frames_removed
  File "/home/jules/.pyenv/versions/3.12.13/lib/python3.12/site-packages/transformers/models/levit/image_processing_levit.py", line 17, in <module>
    from torchvision.transforms.v2 import functional as tvF
ModuleNotFoundError: No module named 'torchvision'
[transformers] Accessing `__path__` from `.models.levit.image_processing_pil_levit`. Returning `__path__` instead. Behavior may be different and this alias will be removed in future versions.
[transformers] Accessing `__path__` from `.models.lfm2_vl.image_processing_lfm2_vl`. Returning `__path__` instead. Behavior may be different and this alias will be removed in future versions.
2026-06-01 00:53:28.498 Examining the path of transformers.models.lfm2_vl.image_processing_lfm2_vl_fast raised:
Traceback (most recent call last):
  File "/home/jules/.pyenv/versions/3.12.13/lib/python3.12/site-packages/streamlit/watcher/local_sources_watcher.py", line 330, in get_module_paths
    potential_paths = extract_paths(module)
                      ^^^^^^^^^^^^^^^^^^^^^
  File "/home/jules/.pyenv/versions/3.12.13/lib/python3.12/site-packages/streamlit/watcher/local_sources_watcher.py", line 317, in <lambda>
    if hasattr(m, "__path__")
       ^^^^^^^^^^^^^^^^^^^^^^
  File "/home/jules/.pyenv/versions/3.12.13/lib/python3.12/site-packages/transformers/__init__.py", line 843, in _getattr
    return getattr(importlib.import_module(target, __name__), new_name)
                   ^^^^^^^^^^^^^^^^^^^^^^^^^^^^^^^^^^^^^^^^^
  File "/home/jules/.pyenv/versions/3.12.13/lib/python3.12/importlib/__init__.py", line 90, in import_module
    return _bootstrap._gcd_import(name[level:], package, level)
           ^^^^^^^^^^^^^^^^^^^^^^^^^^^^^^^^^^^^^^^^^^^^^^^^^^^^
  File "<frozen importlib._bootstrap>", line 1387, in _gcd_import
  File "<frozen importlib._bootstrap>", line 1360, in _find_and_load
  File "<frozen importlib._bootstrap>", line 1331, in _find_and_load_unlocked
  File "<frozen importlib._bootstrap>", line 935, in _load_unlocked
  File "<frozen importlib._bootstrap_external>", line 999, in exec_module
  File "<frozen importlib._bootstrap>", line 488, in _call_with_frames_removed
  File "/home/jules/.pyenv/versions/3.12.13/lib/python3.12/site-packages/transformers/models/lfm2_vl/image_processing_lfm2_vl.py", line 18, in <module>
    from torchvision.transforms.v2 import functional as tvF
ModuleNotFoundError: No module named 'torchvision'
[transformers] Accessing `__path__` from `.models.lightglue.image_processing_lightglue`. Returning `__path__` instead. Behavior may be different and this alias will be removed in future versions.
2026-06-01 00:53:28.500 Examining the path of transformers.models.lightglue.image_processing_lightglue_fast raised:
Traceback (most recent call last):
  File "/home/jules/.pyenv/versions/3.12.13/lib/python3.12/site-packages/streamlit/watcher/local_sources_watcher.py", line 330, in get_module_paths
    potential_paths = extract_paths(module)
                      ^^^^^^^^^^^^^^^^^^^^^
  File "/home/jules/.pyenv/versions/3.12.13/lib/python3.12/site-packages/streamlit/watcher/local_sources_watcher.py", line 317, in <lambda>
    if hasattr(m, "__path__")
       ^^^^^^^^^^^^^^^^^^^^^^
  File "/home/jules/.pyenv/versions/3.12.13/lib/python3.12/site-packages/transformers/__init__.py", line 843, in _getattr
    return getattr(importlib.import_module(target, __name__), new_name)
                   ^^^^^^^^^^^^^^^^^^^^^^^^^^^^^^^^^^^^^^^^^
  File "/home/jules/.pyenv/versions/3.12.13/lib/python3.12/importlib/__init__.py", line 90, in import_module
    return _bootstrap._gcd_import(name[level:], package, level)
           ^^^^^^^^^^^^^^^^^^^^^^^^^^^^^^^^^^^^^^^^^^^^^^^^^^^^
  File "<frozen importlib._bootstrap>", line 1387, in _gcd_import
  File "<frozen importlib._bootstrap>", line 1360, in _find_and_load
  File "<frozen importlib._bootstrap>", line 1331, in _find_and_load_unlocked
  File "<frozen importlib._bootstrap>", line 935, in _load_unlocked
  File "<frozen importlib._bootstrap_external>", line 999, in exec_module
  File "<frozen importlib._bootstrap>", line 488, in _call_with_frames_removed
  File "/home/jules/.pyenv/versions/3.12.13/lib/python3.12/site-packages/transformers/models/lightglue/image_processing_lightglue.py", line 24, in <module>
    from torchvision.transforms.v2 import functional as tvF
ModuleNotFoundError: No module named 'torchvision'
[transformers] Accessing `__path__` from `.models.lightglue.image_processing_pil_lightglue`. Returning `__path__` instead. Behavior may be different and this alias will be removed in future versions.
[transformers] Accessing `__path__` from `.models.llama4.image_processing_llama4`. Returning `__path__` instead. Behavior may be different and this alias will be removed in future versions.
2026-06-01 00:53:28.504 Examining the path of transformers.models.llama4.image_processing_llama4_fast raised:
Traceback (most recent call last):
  File "/home/jules/.pyenv/versions/3.12.13/lib/python3.12/site-packages/streamlit/watcher/local_sources_watcher.py", line 330, in get_module_paths
    potential_paths = extract_paths(module)
                      ^^^^^^^^^^^^^^^^^^^^^
  File "/home/jules/.pyenv/versions/3.12.13/lib/python3.12/site-packages/streamlit/watcher/local_sources_watcher.py", line 317, in <lambda>
    if hasattr(m, "__path__")
       ^^^^^^^^^^^^^^^^^^^^^^
  File "/home/jules/.pyenv/versions/3.12.13/lib/python3.12/site-packages/transformers/__init__.py", line 843, in _getattr
    return getattr(importlib.import_module(target, __name__), new_name)
                   ^^^^^^^^^^^^^^^^^^^^^^^^^^^^^^^^^^^^^^^^^
  File "/home/jules/.pyenv/versions/3.12.13/lib/python3.12/importlib/__init__.py", line 90, in import_module
    return _bootstrap._gcd_import(name[level:], package, level)
           ^^^^^^^^^^^^^^^^^^^^^^^^^^^^^^^^^^^^^^^^^^^^^^^^^^^^
  File "<frozen importlib._bootstrap>", line 1387, in _gcd_import
  File "<frozen importlib._bootstrap>", line 1360, in _find_and_load
  File "<frozen importlib._bootstrap>", line 1331, in _find_and_load_unlocked
  File "<frozen importlib._bootstrap>", line 935, in _load_unlocked
  File "<frozen importlib._bootstrap_external>", line 999, in exec_module
  File "<frozen importlib._bootstrap>", line 488, in _call_with_frames_removed
  File "/home/jules/.pyenv/versions/3.12.13/lib/python3.12/site-packages/transformers/models/llama4/image_processing_llama4.py", line 21, in <module>
    from torchvision.transforms.v2 import functional as tvF
ModuleNotFoundError: No module named 'torchvision'
[transformers] Accessing `__path__` from `.models.llava.image_processing_llava`. Returning `__path__` instead. Behavior may be different and this alias will be removed in future versions.
2026-06-01 00:53:28.506 Examining the path of transformers.models.llava.image_processing_llava_fast raised:
Traceback (most recent call last):
  File "/home/jules/.pyenv/versions/3.12.13/lib/python3.12/site-packages/streamlit/watcher/local_sources_watcher.py", line 330, in get_module_paths
    potential_paths = extract_paths(module)
                      ^^^^^^^^^^^^^^^^^^^^^
  File "/home/jules/.pyenv/versions/3.12.13/lib/python3.12/site-packages/streamlit/watcher/local_sources_watcher.py", line 317, in <lambda>
    if hasattr(m, "__path__")
       ^^^^^^^^^^^^^^^^^^^^^^
  File "/home/jules/.pyenv/versions/3.12.13/lib/python3.12/site-packages/transformers/__init__.py", line 843, in _getattr
    return getattr(importlib.import_module(target, __name__), new_name)
                   ^^^^^^^^^^^^^^^^^^^^^^^^^^^^^^^^^^^^^^^^^
  File "/home/jules/.pyenv/versions/3.12.13/lib/python3.12/importlib/__init__.py", line 90, in import_module
    return _bootstrap._gcd_import(name[level:], package, level)
           ^^^^^^^^^^^^^^^^^^^^^^^^^^^^^^^^^^^^^^^^^^^^^^^^^^^^
  File "<frozen importlib._bootstrap>", line 1387, in _gcd_import
  File "<frozen importlib._bootstrap>", line 1360, in _find_and_load
  File "<frozen importlib._bootstrap>", line 1331, in _find_and_load_unlocked
  File "<frozen importlib._bootstrap>", line 935, in _load_unlocked
  File "<frozen importlib._bootstrap_external>", line 999, in exec_module
  File "<frozen importlib._bootstrap>", line 488, in _call_with_frames_removed
  File "/home/jules/.pyenv/versions/3.12.13/lib/python3.12/site-packages/transformers/models/llava/image_processing_llava.py", line 19, in <module>
    from torchvision.transforms.v2 import functional as tvF
ModuleNotFoundError: No module named 'torchvision'
[transformers] Accessing `__path__` from `.models.llava.image_processing_pil_llava`. Returning `__path__` instead. Behavior may be different and this alias will be removed in future versions.
[transformers] Accessing `__path__` from `.models.llava_next.image_processing_llava_next`. Returning `__path__` instead. Behavior may be different and this alias will be removed in future versions.
2026-06-01 00:53:28.508 Examining the path of transformers.models.llava_next.image_processing_llava_next_fast raised:
Traceback (most recent call last):
  File "/home/jules/.pyenv/versions/3.12.13/lib/python3.12/site-packages/streamlit/watcher/local_sources_watcher.py", line 330, in get_module_paths
    potential_paths = extract_paths(module)
                      ^^^^^^^^^^^^^^^^^^^^^
  File "/home/jules/.pyenv/versions/3.12.13/lib/python3.12/site-packages/streamlit/watcher/local_sources_watcher.py", line 317, in <lambda>
    if hasattr(m, "__path__")
       ^^^^^^^^^^^^^^^^^^^^^^
  File "/home/jules/.pyenv/versions/3.12.13/lib/python3.12/site-packages/transformers/__init__.py", line 843, in _getattr
    return getattr(importlib.import_module(target, __name__), new_name)
                   ^^^^^^^^^^^^^^^^^^^^^^^^^^^^^^^^^^^^^^^^^
  File "/home/jules/.pyenv/versions/3.12.13/lib/python3.12/importlib/__init__.py", line 90, in import_module
    return _bootstrap._gcd_import(name[level:], package, level)
           ^^^^^^^^^^^^^^^^^^^^^^^^^^^^^^^^^^^^^^^^^^^^^^^^^^^^
  File "<frozen importlib._bootstrap>", line 1387, in _gcd_import
  File "<frozen importlib._bootstrap>", line 1360, in _find_and_load
  File "<frozen importlib._bootstrap>", line 1331, in _find_and_load_unlocked
  File "<frozen importlib._bootstrap>", line 935, in _load_unlocked
  File "<frozen importlib._bootstrap_external>", line 999, in exec_module
  File "<frozen importlib._bootstrap>", line 488, in _call_with_frames_removed
  File "/home/jules/.pyenv/versions/3.12.13/lib/python3.12/site-packages/transformers/models/llava_next/image_processing_llava_next.py", line 19, in <module>
    from torchvision.transforms.v2 import functional as tvF
ModuleNotFoundError: No module named 'torchvision'
[transformers] Accessing `__path__` from `.models.llava_next.image_processing_pil_llava_next`. Returning `__path__` instead. Behavior may be different and this alias will be removed in future versions.
[transformers] Accessing `__path__` from `.models.llava_onevision.image_processing_llava_onevision`. Returning `__path__` instead. Behavior may be different and this alias will be removed in future versions.
2026-06-01 00:53:28.510 Examining the path of transformers.models.llava_onevision.image_processing_llava_onevision_fast raised:
Traceback (most recent call last):
  File "/home/jules/.pyenv/versions/3.12.13/lib/python3.12/site-packages/streamlit/watcher/local_sources_watcher.py", line 330, in get_module_paths
    potential_paths = extract_paths(module)
                      ^^^^^^^^^^^^^^^^^^^^^
  File "/home/jules/.pyenv/versions/3.12.13/lib/python3.12/site-packages/streamlit/watcher/local_sources_watcher.py", line 317, in <lambda>
    if hasattr(m, "__path__")
       ^^^^^^^^^^^^^^^^^^^^^^
  File "/home/jules/.pyenv/versions/3.12.13/lib/python3.12/site-packages/transformers/__init__.py", line 843, in _getattr
    return getattr(importlib.import_module(target, __name__), new_name)
                   ^^^^^^^^^^^^^^^^^^^^^^^^^^^^^^^^^^^^^^^^^
  File "/home/jules/.pyenv/versions/3.12.13/lib/python3.12/importlib/__init__.py", line 90, in import_module
    return _bootstrap._gcd_import(name[level:], package, level)
           ^^^^^^^^^^^^^^^^^^^^^^^^^^^^^^^^^^^^^^^^^^^^^^^^^^^^
  File "<frozen importlib._bootstrap>", line 1387, in _gcd_import
  File "<frozen importlib._bootstrap>", line 1360, in _find_and_load
  File "<frozen importlib._bootstrap>", line 1331, in _find_and_load_unlocked
  File "<frozen importlib._bootstrap>", line 935, in _load_unlocked
  File "<frozen importlib._bootstrap_external>", line 999, in exec_module
  File "<frozen importlib._bootstrap>", line 488, in _call_with_frames_removed
  File "/home/jules/.pyenv/versions/3.12.13/lib/python3.12/site-packages/transformers/models/llava_onevision/image_processing_llava_onevision.py", line 24, in <module>
    import torchvision.transforms.v2.functional as tvF
ModuleNotFoundError: No module named 'torchvision'
[transformers] Accessing `__path__` from `.models.llava_onevision.image_processing_pil_llava_onevision`. Returning `__path__` instead. Behavior may be different and this alias will be removed in future versions.
[transformers] Accessing `__path__` from `.models.mask2former.image_processing_mask2former`. Returning `__path__` instead. Behavior may be different and this alias will be removed in future versions.
2026-06-01 00:53:28.512 Examining the path of transformers.models.mask2former.image_processing_mask2former_fast raised:
Traceback (most recent call last):
  File "/home/jules/.pyenv/versions/3.12.13/lib/python3.12/site-packages/streamlit/watcher/local_sources_watcher.py", line 330, in get_module_paths
    potential_paths = extract_paths(module)
                      ^^^^^^^^^^^^^^^^^^^^^
  File "/home/jules/.pyenv/versions/3.12.13/lib/python3.12/site-packages/streamlit/watcher/local_sources_watcher.py", line 317, in <lambda>
    if hasattr(m, "__path__")
       ^^^^^^^^^^^^^^^^^^^^^^
  File "/home/jules/.pyenv/versions/3.12.13/lib/python3.12/site-packages/transformers/__init__.py", line 843, in _getattr
    return getattr(importlib.import_module(target, __name__), new_name)
                   ^^^^^^^^^^^^^^^^^^^^^^^^^^^^^^^^^^^^^^^^^
  File "/home/jules/.pyenv/versions/3.12.13/lib/python3.12/importlib/__init__.py", line 90, in import_module
    return _bootstrap._gcd_import(name[level:], package, level)
           ^^^^^^^^^^^^^^^^^^^^^^^^^^^^^^^^^^^^^^^^^^^^^^^^^^^^
  File "<frozen importlib._bootstrap>", line 1387, in _gcd_import
  File "<frozen importlib._bootstrap>", line 1360, in _find_and_load
  File "<frozen importlib._bootstrap>", line 1331, in _find_and_load_unlocked
  File "<frozen importlib._bootstrap>", line 935, in _load_unlocked
  File "<frozen importlib._bootstrap_external>", line 999, in exec_module
  File "<frozen importlib._bootstrap>", line 488, in _call_with_frames_removed
  File "/home/jules/.pyenv/versions/3.12.13/lib/python3.12/site-packages/transformers/models/mask2former/image_processing_mask2former.py", line 27, in <module>
    from torchvision.transforms.v2 import functional as tvF
ModuleNotFoundError: No module named 'torchvision'
[transformers] Accessing `__path__` from `.models.mask2former.image_processing_pil_mask2former`. Returning `__path__` instead. Behavior may be different and this alias will be removed in future versions.
[transformers] Accessing `__path__` from `.models.maskformer.image_processing_maskformer`. Returning `__path__` instead. Behavior may be different and this alias will be removed in future versions.
2026-06-01 00:53:28.515 Examining the path of transformers.models.maskformer.image_processing_maskformer_fast raised:
Traceback (most recent call last):
  File "/home/jules/.pyenv/versions/3.12.13/lib/python3.12/site-packages/streamlit/watcher/local_sources_watcher.py", line 330, in get_module_paths
    potential_paths = extract_paths(module)
                      ^^^^^^^^^^^^^^^^^^^^^
  File "/home/jules/.pyenv/versions/3.12.13/lib/python3.12/site-packages/streamlit/watcher/local_sources_watcher.py", line 317, in <lambda>
    if hasattr(m, "__path__")
       ^^^^^^^^^^^^^^^^^^^^^^
  File "/home/jules/.pyenv/versions/3.12.13/lib/python3.12/site-packages/transformers/__init__.py", line 843, in _getattr
    return getattr(importlib.import_module(target, __name__), new_name)
                   ^^^^^^^^^^^^^^^^^^^^^^^^^^^^^^^^^^^^^^^^^
  File "/home/jules/.pyenv/versions/3.12.13/lib/python3.12/importlib/__init__.py", line 90, in import_module
    return _bootstrap._gcd_import(name[level:], package, level)
           ^^^^^^^^^^^^^^^^^^^^^^^^^^^^^^^^^^^^^^^^^^^^^^^^^^^^
  File "<frozen importlib._bootstrap>", line 1387, in _gcd_import
  File "<frozen importlib._bootstrap>", line 1360, in _find_and_load
  File "<frozen importlib._bootstrap>", line 1331, in _find_and_load_unlocked
  File "<frozen importlib._bootstrap>", line 935, in _load_unlocked
  File "<frozen importlib._bootstrap_external>", line 999, in exec_module
  File "<frozen importlib._bootstrap>", line 488, in _call_with_frames_removed
  File "/home/jules/.pyenv/versions/3.12.13/lib/python3.12/site-packages/transformers/models/maskformer/image_processing_maskformer.py", line 22, in <module>
    from torchvision.transforms.v2 import functional as tvF
ModuleNotFoundError: No module named 'torchvision'
[transformers] Accessing `__path__` from `.models.maskformer.image_processing_pil_maskformer`. Returning `__path__` instead. Behavior may be different and this alias will be removed in future versions.
[transformers] Accessing `__path__` from `.models.minicpmv4_6.image_processing_minicpmv4_6`. Returning `__path__` instead. Behavior may be different and this alias will be removed in future versions.
[transformers] Accessing `__path__` from `.models.minicpmv4_6.image_processing_pil_minicpmv4_6`. Returning `__path__` instead. Behavior may be different and this alias will be removed in future versions.
[transformers] Accessing `__path__` from `.models.mllama.image_processing_mllama`. Returning `__path__` instead. Behavior may be different and this alias will be removed in future versions.
2026-06-01 00:53:28.518 Examining the path of transformers.models.mllama.image_processing_mllama_fast raised:
Traceback (most recent call last):
  File "/home/jules/.pyenv/versions/3.12.13/lib/python3.12/site-packages/streamlit/watcher/local_sources_watcher.py", line 330, in get_module_paths
    potential_paths = extract_paths(module)
                      ^^^^^^^^^^^^^^^^^^^^^
  File "/home/jules/.pyenv/versions/3.12.13/lib/python3.12/site-packages/streamlit/watcher/local_sources_watcher.py", line 317, in <lambda>
    if hasattr(m, "__path__")
       ^^^^^^^^^^^^^^^^^^^^^^
  File "/home/jules/.pyenv/versions/3.12.13/lib/python3.12/site-packages/transformers/__init__.py", line 843, in _getattr
    return getattr(importlib.import_module(target, __name__), new_name)
                   ^^^^^^^^^^^^^^^^^^^^^^^^^^^^^^^^^^^^^^^^^
  File "/home/jules/.pyenv/versions/3.12.13/lib/python3.12/importlib/__init__.py", line 90, in import_module
    return _bootstrap._gcd_import(name[level:], package, level)
           ^^^^^^^^^^^^^^^^^^^^^^^^^^^^^^^^^^^^^^^^^^^^^^^^^^^^
  File "<frozen importlib._bootstrap>", line 1387, in _gcd_import
  File "<frozen importlib._bootstrap>", line 1360, in _find_and_load
  File "<frozen importlib._bootstrap>", line 1331, in _find_and_load_unlocked
  File "<frozen importlib._bootstrap>", line 935, in _load_unlocked
  File "<frozen importlib._bootstrap_external>", line 999, in exec_module
  File "<frozen importlib._bootstrap>", line 488, in _call_with_frames_removed
  File "/home/jules/.pyenv/versions/3.12.13/lib/python3.12/site-packages/transformers/models/mllama/image_processing_mllama.py", line 40, in <module>
    from torchvision.transforms.v2 import functional as tvF
ModuleNotFoundError: No module named 'torchvision'
[transformers] Accessing `__path__` from `.models.mllama.image_processing_pil_mllama`. Returning `__path__` instead. Behavior may be different and this alias will be removed in future versions.
[transformers] Accessing `__path__` from `.models.mobilenet_v1.image_processing_mobilenet_v1`. Returning `__path__` instead. Behavior may be different and this alias will be removed in future versions.
[transformers] Accessing `__path__` from `.models.mobilenet_v1.image_processing_pil_mobilenet_v1`. Returning `__path__` instead. Behavior may be different and this alias will be removed in future versions.
[transformers] Accessing `__path__` from `.models.mobilenet_v2.image_processing_mobilenet_v2`. Returning `__path__` instead. Behavior may be different and this alias will be removed in future versions.
2026-06-01 00:53:28.520 Examining the path of transformers.models.mobilenet_v2.image_processing_mobilenet_v2_fast raised:
Traceback (most recent call last):
  File "/home/jules/.pyenv/versions/3.12.13/lib/python3.12/site-packages/streamlit/watcher/local_sources_watcher.py", line 330, in get_module_paths
    potential_paths = extract_paths(module)
                      ^^^^^^^^^^^^^^^^^^^^^
  File "/home/jules/.pyenv/versions/3.12.13/lib/python3.12/site-packages/streamlit/watcher/local_sources_watcher.py", line 317, in <lambda>
    if hasattr(m, "__path__")
       ^^^^^^^^^^^^^^^^^^^^^^
  File "/home/jules/.pyenv/versions/3.12.13/lib/python3.12/site-packages/transformers/__init__.py", line 843, in _getattr
    return getattr(importlib.import_module(target, __name__), new_name)
                   ^^^^^^^^^^^^^^^^^^^^^^^^^^^^^^^^^^^^^^^^^
  File "/home/jules/.pyenv/versions/3.12.13/lib/python3.12/importlib/__init__.py", line 90, in import_module
    return _bootstrap._gcd_import(name[level:], package, level)
           ^^^^^^^^^^^^^^^^^^^^^^^^^^^^^^^^^^^^^^^^^^^^^^^^^^^^
  File "<frozen importlib._bootstrap>", line 1387, in _gcd_import
  File "<frozen importlib._bootstrap>", line 1360, in _find_and_load
  File "<frozen importlib._bootstrap>", line 1331, in _find_and_load_unlocked
  File "<frozen importlib._bootstrap>", line 935, in _load_unlocked
  File "<frozen importlib._bootstrap_external>", line 999, in exec_module
  File "<frozen importlib._bootstrap>", line 488, in _call_with_frames_removed
  File "/home/jules/.pyenv/versions/3.12.13/lib/python3.12/site-packages/transformers/models/mobilenet_v2/image_processing_mobilenet_v2.py", line 19, in <module>
    from torchvision.transforms.v2 import functional as tvF
ModuleNotFoundError: No module named 'torchvision'
[transformers] Accessing `__path__` from `.models.mobilenet_v2.image_processing_pil_mobilenet_v2`. Returning `__path__` instead. Behavior may be different and this alias will be removed in future versions.
[transformers] Accessing `__path__` from `.models.mobilevit.image_processing_mobilevit`. Returning `__path__` instead. Behavior may be different and this alias will be removed in future versions.
2026-06-01 00:53:28.523 Examining the path of transformers.models.mobilevit.image_processing_mobilevit_fast raised:
Traceback (most recent call last):
  File "/home/jules/.pyenv/versions/3.12.13/lib/python3.12/site-packages/streamlit/watcher/local_sources_watcher.py", line 330, in get_module_paths
    potential_paths = extract_paths(module)
                      ^^^^^^^^^^^^^^^^^^^^^
  File "/home/jules/.pyenv/versions/3.12.13/lib/python3.12/site-packages/streamlit/watcher/local_sources_watcher.py", line 317, in <lambda>
    if hasattr(m, "__path__")
       ^^^^^^^^^^^^^^^^^^^^^^
  File "/home/jules/.pyenv/versions/3.12.13/lib/python3.12/site-packages/transformers/__init__.py", line 843, in _getattr
    return getattr(importlib.import_module(target, __name__), new_name)
                   ^^^^^^^^^^^^^^^^^^^^^^^^^^^^^^^^^^^^^^^^^
  File "/home/jules/.pyenv/versions/3.12.13/lib/python3.12/importlib/__init__.py", line 90, in import_module
    return _bootstrap._gcd_import(name[level:], package, level)
           ^^^^^^^^^^^^^^^^^^^^^^^^^^^^^^^^^^^^^^^^^^^^^^^^^^^^
  File "<frozen importlib._bootstrap>", line 1387, in _gcd_import
  File "<frozen importlib._bootstrap>", line 1360, in _find_and_load
  File "<frozen importlib._bootstrap>", line 1331, in _find_and_load_unlocked
  File "<frozen importlib._bootstrap>", line 935, in _load_unlocked
  File "<frozen importlib._bootstrap_external>", line 999, in exec_module
  File "<frozen importlib._bootstrap>", line 488, in _call_with_frames_removed
  File "/home/jules/.pyenv/versions/3.12.13/lib/python3.12/site-packages/transformers/models/mobilevit/image_processing_mobilevit.py", line 19, in <module>
    from torchvision.transforms.v2 import functional as tvF
ModuleNotFoundError: No module named 'torchvision'
[transformers] Accessing `__path__` from `.models.mobilevit.image_processing_pil_mobilevit`. Returning `__path__` instead. Behavior may be different and this alias will be removed in future versions.
[transformers] Accessing `__path__` from `.models.nougat.image_processing_nougat`. Returning `__path__` instead. Behavior may be different and this alias will be removed in future versions.
2026-06-01 00:53:28.525 Examining the path of transformers.models.nougat.image_processing_nougat_fast raised:
Traceback (most recent call last):
  File "/home/jules/.pyenv/versions/3.12.13/lib/python3.12/site-packages/streamlit/watcher/local_sources_watcher.py", line 330, in get_module_paths
    potential_paths = extract_paths(module)
                      ^^^^^^^^^^^^^^^^^^^^^
  File "/home/jules/.pyenv/versions/3.12.13/lib/python3.12/site-packages/streamlit/watcher/local_sources_watcher.py", line 317, in <lambda>
    if hasattr(m, "__path__")
       ^^^^^^^^^^^^^^^^^^^^^^
  File "/home/jules/.pyenv/versions/3.12.13/lib/python3.12/site-packages/transformers/__init__.py", line 843, in _getattr
    return getattr(importlib.import_module(target, __name__), new_name)
                   ^^^^^^^^^^^^^^^^^^^^^^^^^^^^^^^^^^^^^^^^^
  File "/home/jules/.pyenv/versions/3.12.13/lib/python3.12/importlib/__init__.py", line 90, in import_module
    return _bootstrap._gcd_import(name[level:], package, level)
           ^^^^^^^^^^^^^^^^^^^^^^^^^^^^^^^^^^^^^^^^^^^^^^^^^^^^
  File "<frozen importlib._bootstrap>", line 1387, in _gcd_import
  File "<frozen importlib._bootstrap>", line 1360, in _find_and_load
  File "<frozen importlib._bootstrap>", line 1331, in _find_and_load_unlocked
  File "<frozen importlib._bootstrap>", line 935, in _load_unlocked
  File "<frozen importlib._bootstrap_external>", line 999, in exec_module
  File "<frozen importlib._bootstrap>", line 488, in _call_with_frames_removed
  File "/home/jules/.pyenv/versions/3.12.13/lib/python3.12/site-packages/transformers/models/nougat/image_processing_nougat.py", line 17, in <module>
    from torchvision.transforms.v2 import functional as tvF
ModuleNotFoundError: No module named 'torchvision'
[transformers] Accessing `__path__` from `.models.nougat.image_processing_pil_nougat`. Returning `__path__` instead. Behavior may be different and this alias will be removed in future versions.
[transformers] Accessing `__path__` from `.models.oneformer.image_processing_oneformer`. Returning `__path__` instead. Behavior may be different and this alias will be removed in future versions.
2026-06-01 00:53:28.527 Examining the path of transformers.models.oneformer.image_processing_oneformer_fast raised:
Traceback (most recent call last):
  File "/home/jules/.pyenv/versions/3.12.13/lib/python3.12/site-packages/streamlit/watcher/local_sources_watcher.py", line 330, in get_module_paths
    potential_paths = extract_paths(module)
                      ^^^^^^^^^^^^^^^^^^^^^
  File "/home/jules/.pyenv/versions/3.12.13/lib/python3.12/site-packages/streamlit/watcher/local_sources_watcher.py", line 317, in <lambda>
    if hasattr(m, "__path__")
       ^^^^^^^^^^^^^^^^^^^^^^
  File "/home/jules/.pyenv/versions/3.12.13/lib/python3.12/site-packages/transformers/__init__.py", line 843, in _getattr
    return getattr(importlib.import_module(target, __name__), new_name)
                   ^^^^^^^^^^^^^^^^^^^^^^^^^^^^^^^^^^^^^^^^^
  File "/home/jules/.pyenv/versions/3.12.13/lib/python3.12/importlib/__init__.py", line 90, in import_module
    return _bootstrap._gcd_import(name[level:], package, level)
           ^^^^^^^^^^^^^^^^^^^^^^^^^^^^^^^^^^^^^^^^^^^^^^^^^^^^
  File "<frozen importlib._bootstrap>", line 1387, in _gcd_import
  File "<frozen importlib._bootstrap>", line 1360, in _find_and_load
  File "<frozen importlib._bootstrap>", line 1331, in _find_and_load_unlocked
  File "<frozen importlib._bootstrap>", line 935, in _load_unlocked
  File "<frozen importlib._bootstrap_external>", line 999, in exec_module
  File "<frozen importlib._bootstrap>", line 488, in _call_with_frames_removed
  File "/home/jules/.pyenv/versions/3.12.13/lib/python3.12/site-packages/transformers/models/oneformer/image_processing_oneformer.py", line 22, in <module>
    from torchvision.transforms.v2 import functional as tvF
ModuleNotFoundError: No module named 'torchvision'
[transformers] Accessing `__path__` from `.models.oneformer.image_processing_pil_oneformer`. Returning `__path__` instead. Behavior may be different and this alias will be removed in future versions.
[transformers] Accessing `__path__` from `.models.ovis2.image_processing_ovis2`. Returning `__path__` instead. Behavior may be different and this alias will be removed in future versions.
2026-06-01 00:53:28.529 Examining the path of transformers.models.ovis2.image_processing_ovis2_fast raised:
Traceback (most recent call last):
  File "/home/jules/.pyenv/versions/3.12.13/lib/python3.12/site-packages/streamlit/watcher/local_sources_watcher.py", line 330, in get_module_paths
    potential_paths = extract_paths(module)
                      ^^^^^^^^^^^^^^^^^^^^^
  File "/home/jules/.pyenv/versions/3.12.13/lib/python3.12/site-packages/streamlit/watcher/local_sources_watcher.py", line 317, in <lambda>
    if hasattr(m, "__path__")
       ^^^^^^^^^^^^^^^^^^^^^^
  File "/home/jules/.pyenv/versions/3.12.13/lib/python3.12/site-packages/transformers/__init__.py", line 843, in _getattr
    return getattr(importlib.import_module(target, __name__), new_name)
                   ^^^^^^^^^^^^^^^^^^^^^^^^^^^^^^^^^^^^^^^^^
  File "/home/jules/.pyenv/versions/3.12.13/lib/python3.12/importlib/__init__.py", line 90, in import_module
    return _bootstrap._gcd_import(name[level:], package, level)
           ^^^^^^^^^^^^^^^^^^^^^^^^^^^^^^^^^^^^^^^^^^^^^^^^^^^^
  File "<frozen importlib._bootstrap>", line 1387, in _gcd_import
  File "<frozen importlib._bootstrap>", line 1360, in _find_and_load
  File "<frozen importlib._bootstrap>", line 1331, in _find_and_load_unlocked
  File "<frozen importlib._bootstrap>", line 935, in _load_unlocked
  File "<frozen importlib._bootstrap_external>", line 999, in exec_module
  File "<frozen importlib._bootstrap>", line 488, in _call_with_frames_removed
  File "/home/jules/.pyenv/versions/3.12.13/lib/python3.12/site-packages/transformers/models/ovis2/image_processing_ovis2.py", line 19, in <module>
    from torchvision.transforms.v2 import functional as tvF
ModuleNotFoundError: No module named 'torchvision'
[transformers] Accessing `__path__` from `.models.ovis2.image_processing_pil_ovis2`. Returning `__path__` instead. Behavior may be different and this alias will be removed in future versions.
[transformers] Accessing `__path__` from `.models.owlv2.image_processing_owlv2`. Returning `__path__` instead. Behavior may be different and this alias will be removed in future versions.
2026-06-01 00:53:28.531 Examining the path of transformers.models.owlv2.image_processing_owlv2_fast raised:
Traceback (most recent call last):
  File "/home/jules/.pyenv/versions/3.12.13/lib/python3.12/site-packages/streamlit/watcher/local_sources_watcher.py", line 330, in get_module_paths
    potential_paths = extract_paths(module)
                      ^^^^^^^^^^^^^^^^^^^^^
  File "/home/jules/.pyenv/versions/3.12.13/lib/python3.12/site-packages/streamlit/watcher/local_sources_watcher.py", line 317, in <lambda>
    if hasattr(m, "__path__")
       ^^^^^^^^^^^^^^^^^^^^^^
  File "/home/jules/.pyenv/versions/3.12.13/lib/python3.12/site-packages/transformers/__init__.py", line 843, in _getattr
    return getattr(importlib.import_module(target, __name__), new_name)
                   ^^^^^^^^^^^^^^^^^^^^^^^^^^^^^^^^^^^^^^^^^
  File "/home/jules/.pyenv/versions/3.12.13/lib/python3.12/importlib/__init__.py", line 90, in import_module
    return _bootstrap._gcd_import(name[level:], package, level)
           ^^^^^^^^^^^^^^^^^^^^^^^^^^^^^^^^^^^^^^^^^^^^^^^^^^^^
  File "<frozen importlib._bootstrap>", line 1387, in _gcd_import
  File "<frozen importlib._bootstrap>", line 1360, in _find_and_load
  File "<frozen importlib._bootstrap>", line 1331, in _find_and_load_unlocked
  File "<frozen importlib._bootstrap>", line 935, in _load_unlocked
  File "<frozen importlib._bootstrap_external>", line 999, in exec_module
  File "<frozen importlib._bootstrap>", line 488, in _call_with_frames_removed
  File "/home/jules/.pyenv/versions/3.12.13/lib/python3.12/site-packages/transformers/models/owlv2/image_processing_owlv2.py", line 25, in <module>
    import torchvision.transforms.v2.functional as tvF
ModuleNotFoundError: No module named 'torchvision'
[transformers] Accessing `__path__` from `.models.owlv2.image_processing_pil_owlv2`. Returning `__path__` instead. Behavior may be different and this alias will be removed in future versions.
[transformers] Accessing `__path__` from `.models.owlvit.image_processing_owlvit`. Returning `__path__` instead. Behavior may be different and this alias will be removed in future versions.
[transformers] Accessing `__path__` from `.models.owlvit.image_processing_pil_owlvit`. Returning `__path__` instead. Behavior may be different and this alias will be removed in future versions.
[transformers] Accessing `__path__` from `.models.paddleocr_vl.image_processing_paddleocr_vl`. Returning `__path__` instead. Behavior may be different and this alias will be removed in future versions.
[transformers] Accessing `__path__` from `.models.paddleocr_vl.image_processing_pil_paddleocr_vl`. Returning `__path__` instead. Behavior may be different and this alias will be removed in future versions.
[transformers] Accessing `__path__` from `.models.perceiver.image_processing_perceiver`. Returning `__path__` instead. Behavior may be different and this alias will be removed in future versions.
2026-06-01 00:53:28.534 Examining the path of transformers.models.perceiver.image_processing_perceiver_fast raised:
Traceback (most recent call last):
  File "/home/jules/.pyenv/versions/3.12.13/lib/python3.12/site-packages/streamlit/watcher/local_sources_watcher.py", line 330, in get_module_paths
    potential_paths = extract_paths(module)
                      ^^^^^^^^^^^^^^^^^^^^^
  File "/home/jules/.pyenv/versions/3.12.13/lib/python3.12/site-packages/streamlit/watcher/local_sources_watcher.py", line 317, in <lambda>
    if hasattr(m, "__path__")
       ^^^^^^^^^^^^^^^^^^^^^^
  File "/home/jules/.pyenv/versions/3.12.13/lib/python3.12/site-packages/transformers/__init__.py", line 843, in _getattr
    return getattr(importlib.import_module(target, __name__), new_name)
                   ^^^^^^^^^^^^^^^^^^^^^^^^^^^^^^^^^^^^^^^^^
  File "/home/jules/.pyenv/versions/3.12.13/lib/python3.12/importlib/__init__.py", line 90, in import_module
    return _bootstrap._gcd_import(name[level:], package, level)
           ^^^^^^^^^^^^^^^^^^^^^^^^^^^^^^^^^^^^^^^^^^^^^^^^^^^^
  File "<frozen importlib._bootstrap>", line 1387, in _gcd_import
  File "<frozen importlib._bootstrap>", line 1360, in _find_and_load
  File "<frozen importlib._bootstrap>", line 1331, in _find_and_load_unlocked
  File "<frozen importlib._bootstrap>", line 935, in _load_unlocked
  File "<frozen importlib._bootstrap_external>", line 999, in exec_module
  File "<frozen importlib._bootstrap>", line 488, in _call_with_frames_removed
  File "/home/jules/.pyenv/versions/3.12.13/lib/python3.12/site-packages/transformers/models/perceiver/image_processing_perceiver.py", line 17, in <module>
    from torchvision.transforms.v2 import functional as tvF
ModuleNotFoundError: No module named 'torchvision'
[transformers] Accessing `__path__` from `.models.perceiver.image_processing_pil_perceiver`. Returning `__path__` instead. Behavior may be different and this alias will be removed in future versions.
[transformers] Accessing `__path__` from `.models.perception_lm.image_processing_perception_lm`. Returning `__path__` instead. Behavior may be different and this alias will be removed in future versions.
2026-06-01 00:53:28.537 Examining the path of transformers.models.perception_lm.image_processing_perception_lm_fast raised:
Traceback (most recent call last):
  File "/home/jules/.pyenv/versions/3.12.13/lib/python3.12/site-packages/streamlit/watcher/local_sources_watcher.py", line 330, in get_module_paths
    potential_paths = extract_paths(module)
                      ^^^^^^^^^^^^^^^^^^^^^
  File "/home/jules/.pyenv/versions/3.12.13/lib/python3.12/site-packages/streamlit/watcher/local_sources_watcher.py", line 317, in <lambda>
    if hasattr(m, "__path__")
       ^^^^^^^^^^^^^^^^^^^^^^
  File "/home/jules/.pyenv/versions/3.12.13/lib/python3.12/site-packages/transformers/__init__.py", line 843, in _getattr
    return getattr(importlib.import_module(target, __name__), new_name)
                   ^^^^^^^^^^^^^^^^^^^^^^^^^^^^^^^^^^^^^^^^^
  File "/home/jules/.pyenv/versions/3.12.13/lib/python3.12/importlib/__init__.py", line 90, in import_module
    return _bootstrap._gcd_import(name[level:], package, level)
           ^^^^^^^^^^^^^^^^^^^^^^^^^^^^^^^^^^^^^^^^^^^^^^^^^^^^
  File "<frozen importlib._bootstrap>", line 1387, in _gcd_import
  File "<frozen importlib._bootstrap>", line 1360, in _find_and_load
  File "<frozen importlib._bootstrap>", line 1331, in _find_and_load_unlocked
  File "<frozen importlib._bootstrap>", line 935, in _load_unlocked
  File "<frozen importlib._bootstrap_external>", line 999, in exec_module
  File "<frozen importlib._bootstrap>", line 488, in _call_with_frames_removed
  File "/home/jules/.pyenv/versions/3.12.13/lib/python3.12/site-packages/transformers/models/perception_lm/image_processing_perception_lm.py", line 19, in <module>
    from torchvision.transforms.v2 import functional as tvF
ModuleNotFoundError: No module named 'torchvision'
[transformers] Accessing `__path__` from `.models.phi4_multimodal.image_processing_phi4_multimodal`. Returning `__path__` instead. Behavior may be different and this alias will be removed in future versions.
2026-06-01 00:53:28.540 Examining the path of transformers.models.phi4_multimodal.image_processing_phi4_multimodal_fast raised:
Traceback (most recent call last):
  File "/home/jules/.pyenv/versions/3.12.13/lib/python3.12/site-packages/streamlit/watcher/local_sources_watcher.py", line 330, in get_module_paths
    potential_paths = extract_paths(module)
                      ^^^^^^^^^^^^^^^^^^^^^
  File "/home/jules/.pyenv/versions/3.12.13/lib/python3.12/site-packages/streamlit/watcher/local_sources_watcher.py", line 317, in <lambda>
    if hasattr(m, "__path__")
       ^^^^^^^^^^^^^^^^^^^^^^
  File "/home/jules/.pyenv/versions/3.12.13/lib/python3.12/site-packages/transformers/__init__.py", line 843, in _getattr
    return getattr(importlib.import_module(target, __name__), new_name)
                   ^^^^^^^^^^^^^^^^^^^^^^^^^^^^^^^^^^^^^^^^^
  File "/home/jules/.pyenv/versions/3.12.13/lib/python3.12/importlib/__init__.py", line 90, in import_module
    return _bootstrap._gcd_import(name[level:], package, level)
           ^^^^^^^^^^^^^^^^^^^^^^^^^^^^^^^^^^^^^^^^^^^^^^^^^^^^
  File "<frozen importlib._bootstrap>", line 1387, in _gcd_import
  File "<frozen importlib._bootstrap>", line 1360, in _find_and_load
  File "<frozen importlib._bootstrap>", line 1331, in _find_and_load_unlocked
  File "<frozen importlib._bootstrap>", line 935, in _load_unlocked
  File "<frozen importlib._bootstrap_external>", line 999, in exec_module
  File "<frozen importlib._bootstrap>", line 488, in _call_with_frames_removed
  File "/home/jules/.pyenv/versions/3.12.13/lib/python3.12/site-packages/transformers/models/phi4_multimodal/image_processing_phi4_multimodal.py", line 19, in <module>
    from torchvision.transforms.v2 import functional as tvF
ModuleNotFoundError: No module named 'torchvision'
[transformers] Accessing `__path__` from `.models.pi0.image_processing_pi0`. Returning `__path__` instead. Behavior may be different and this alias will be removed in future versions.
[transformers] Accessing `__path__` from `.models.pix2struct.image_processing_pil_pix2struct`. Returning `__path__` instead. Behavior may be different and this alias will be removed in future versions.
[transformers] Accessing `__path__` from `.models.pix2struct.image_processing_pix2struct`. Returning `__path__` instead. Behavior may be different and this alias will be removed in future versions.
2026-06-01 00:53:28.542 Examining the path of transformers.models.pix2struct.image_processing_pix2struct_fast raised:
Traceback (most recent call last):
  File "/home/jules/.pyenv/versions/3.12.13/lib/python3.12/site-packages/streamlit/watcher/local_sources_watcher.py", line 330, in get_module_paths
    potential_paths = extract_paths(module)
                      ^^^^^^^^^^^^^^^^^^^^^
  File "/home/jules/.pyenv/versions/3.12.13/lib/python3.12/site-packages/streamlit/watcher/local_sources_watcher.py", line 317, in <lambda>
    if hasattr(m, "__path__")
       ^^^^^^^^^^^^^^^^^^^^^^
  File "/home/jules/.pyenv/versions/3.12.13/lib/python3.12/site-packages/transformers/__init__.py", line 843, in _getattr
    return getattr(importlib.import_module(target, __name__), new_name)
                   ^^^^^^^^^^^^^^^^^^^^^^^^^^^^^^^^^^^^^^^^^
  File "/home/jules/.pyenv/versions/3.12.13/lib/python3.12/importlib/__init__.py", line 90, in import_module
    return _bootstrap._gcd_import(name[level:], package, level)
           ^^^^^^^^^^^^^^^^^^^^^^^^^^^^^^^^^^^^^^^^^^^^^^^^^^^^
  File "<frozen importlib._bootstrap>", line 1387, in _gcd_import
  File "<frozen importlib._bootstrap>", line 1360, in _find_and_load
  File "<frozen importlib._bootstrap>", line 1331, in _find_and_load_unlocked
  File "<frozen importlib._bootstrap>", line 935, in _load_unlocked
  File "<frozen importlib._bootstrap_external>", line 999, in exec_module
  File "<frozen importlib._bootstrap>", line 488, in _call_with_frames_removed
  File "/home/jules/.pyenv/versions/3.12.13/lib/python3.12/site-packages/transformers/models/pix2struct/image_processing_pix2struct.py", line 21, in <module>
    import torchvision.transforms.v2.functional as tvF
ModuleNotFoundError: No module named 'torchvision'
[transformers] Accessing `__path__` from `.models.pixtral.image_processing_pil_pixtral`. Returning `__path__` instead. Behavior may be different and this alias will be removed in future versions.
[transformers] Accessing `__path__` from `.models.pixtral.image_processing_pixtral`. Returning `__path__` instead. Behavior may be different and this alias will be removed in future versions.
2026-06-01 00:53:28.544 Examining the path of transformers.models.pixtral.image_processing_pixtral_fast raised:
Traceback (most recent call last):
  File "/home/jules/.pyenv/versions/3.12.13/lib/python3.12/site-packages/streamlit/watcher/local_sources_watcher.py", line 330, in get_module_paths
    potential_paths = extract_paths(module)
                      ^^^^^^^^^^^^^^^^^^^^^
  File "/home/jules/.pyenv/versions/3.12.13/lib/python3.12/site-packages/streamlit/watcher/local_sources_watcher.py", line 317, in <lambda>
    if hasattr(m, "__path__")
       ^^^^^^^^^^^^^^^^^^^^^^
  File "/home/jules/.pyenv/versions/3.12.13/lib/python3.12/site-packages/transformers/__init__.py", line 843, in _getattr
    return getattr(importlib.import_module(target, __name__), new_name)
                   ^^^^^^^^^^^^^^^^^^^^^^^^^^^^^^^^^^^^^^^^^
  File "/home/jules/.pyenv/versions/3.12.13/lib/python3.12/importlib/__init__.py", line 90, in import_module
    return _bootstrap._gcd_import(name[level:], package, level)
           ^^^^^^^^^^^^^^^^^^^^^^^^^^^^^^^^^^^^^^^^^^^^^^^^^^^^
  File "<frozen importlib._bootstrap>", line 1387, in _gcd_import
  File "<frozen importlib._bootstrap>", line 1360, in _find_and_load
  File "<frozen importlib._bootstrap>", line 1331, in _find_and_load_unlocked
  File "<frozen importlib._bootstrap>", line 935, in _load_unlocked
  File "<frozen importlib._bootstrap_external>", line 999, in exec_module
  File "<frozen importlib._bootstrap>", line 488, in _call_with_frames_removed
  File "/home/jules/.pyenv/versions/3.12.13/lib/python3.12/site-packages/transformers/models/pixtral/image_processing_pixtral.py", line 19, in <module>
    from torchvision.transforms.v2 import functional as tvF
ModuleNotFoundError: No module named 'torchvision'
[transformers] Accessing `__path__` from `.models.poolformer.image_processing_pil_poolformer`. Returning `__path__` instead. Behavior may be different and this alias will be removed in future versions.
[transformers] Accessing `__path__` from `.models.poolformer.image_processing_poolformer`. Returning `__path__` instead. Behavior may be different and this alias will be removed in future versions.
2026-06-01 00:53:28.546 Examining the path of transformers.models.poolformer.image_processing_poolformer_fast raised:
Traceback (most recent call last):
  File "/home/jules/.pyenv/versions/3.12.13/lib/python3.12/site-packages/streamlit/watcher/local_sources_watcher.py", line 330, in get_module_paths
    potential_paths = extract_paths(module)
                      ^^^^^^^^^^^^^^^^^^^^^
  File "/home/jules/.pyenv/versions/3.12.13/lib/python3.12/site-packages/streamlit/watcher/local_sources_watcher.py", line 317, in <lambda>
    if hasattr(m, "__path__")
       ^^^^^^^^^^^^^^^^^^^^^^
  File "/home/jules/.pyenv/versions/3.12.13/lib/python3.12/site-packages/transformers/__init__.py", line 843, in _getattr
    return getattr(importlib.import_module(target, __name__), new_name)
                   ^^^^^^^^^^^^^^^^^^^^^^^^^^^^^^^^^^^^^^^^^
  File "/home/jules/.pyenv/versions/3.12.13/lib/python3.12/importlib/__init__.py", line 90, in import_module
    return _bootstrap._gcd_import(name[level:], package, level)
           ^^^^^^^^^^^^^^^^^^^^^^^^^^^^^^^^^^^^^^^^^^^^^^^^^^^^
  File "<frozen importlib._bootstrap>", line 1387, in _gcd_import
  File "<frozen importlib._bootstrap>", line 1360, in _find_and_load
  File "<frozen importlib._bootstrap>", line 1331, in _find_and_load_unlocked
  File "<frozen importlib._bootstrap>", line 935, in _load_unlocked
  File "<frozen importlib._bootstrap_external>", line 999, in exec_module
  File "<frozen importlib._bootstrap>", line 488, in _call_with_frames_removed
  File "/home/jules/.pyenv/versions/3.12.13/lib/python3.12/site-packages/transformers/models/poolformer/image_processing_poolformer.py", line 17, in <module>
    from torchvision.transforms.v2 import functional as tvF
ModuleNotFoundError: No module named 'torchvision'
[transformers] Accessing `__path__` from `.models.pp_chart2table.image_processing_pil_pp_chart2table`. Returning `__path__` instead. Behavior may be different and this alias will be removed in future versions.
[transformers] Accessing `__path__` from `.models.pp_chart2table.image_processing_pp_chart2table`. Returning `__path__` instead. Behavior may be different and this alias will be removed in future versions.
[transformers] Accessing `__path__` from `.models.pp_doclayout_v2.image_processing_pp_doclayout_v2`. Returning `__path__` instead. Behavior may be different and this alias will be removed in future versions.
2026-06-01 00:53:28.548 Examining the path of transformers.models.pp_doclayout_v2.image_processing_pp_doclayout_v2_fast raised:
Traceback (most recent call last):
  File "/home/jules/.pyenv/versions/3.12.13/lib/python3.12/site-packages/streamlit/watcher/local_sources_watcher.py", line 330, in get_module_paths
    potential_paths = extract_paths(module)
                      ^^^^^^^^^^^^^^^^^^^^^
  File "/home/jules/.pyenv/versions/3.12.13/lib/python3.12/site-packages/streamlit/watcher/local_sources_watcher.py", line 317, in <lambda>
    if hasattr(m, "__path__")
       ^^^^^^^^^^^^^^^^^^^^^^
  File "/home/jules/.pyenv/versions/3.12.13/lib/python3.12/site-packages/transformers/__init__.py", line 843, in _getattr
    return getattr(importlib.import_module(target, __name__), new_name)
                   ^^^^^^^^^^^^^^^^^^^^^^^^^^^^^^^^^^^^^^^^^
  File "/home/jules/.pyenv/versions/3.12.13/lib/python3.12/importlib/__init__.py", line 90, in import_module
    return _bootstrap._gcd_import(name[level:], package, level)
           ^^^^^^^^^^^^^^^^^^^^^^^^^^^^^^^^^^^^^^^^^^^^^^^^^^^^
  File "<frozen importlib._bootstrap>", line 1387, in _gcd_import
  File "<frozen importlib._bootstrap>", line 1360, in _find_and_load
  File "<frozen importlib._bootstrap>", line 1331, in _find_and_load_unlocked
  File "<frozen importlib._bootstrap>", line 935, in _load_unlocked
  File "<frozen importlib._bootstrap_external>", line 999, in exec_module
  File "<frozen importlib._bootstrap>", line 488, in _call_with_frames_removed
  File "/home/jules/.pyenv/versions/3.12.13/lib/python3.12/site-packages/transformers/models/pp_doclayout_v2/image_processing_pp_doclayout_v2.py", line 23, in <module>
    from torchvision.transforms.v2 import functional as tvF
ModuleNotFoundError: No module named 'torchvision'
[transformers] Accessing `__path__` from `.models.pp_doclayout_v3.image_processing_pp_doclayout_v3`. Returning `__path__` instead. Behavior may be different and this alias will be removed in future versions.
2026-06-01 00:53:28.550 Examining the path of transformers.models.pp_doclayout_v3.image_processing_pp_doclayout_v3_fast raised:
Traceback (most recent call last):
  File "/home/jules/.pyenv/versions/3.12.13/lib/python3.12/site-packages/streamlit/watcher/local_sources_watcher.py", line 330, in get_module_paths
    potential_paths = extract_paths(module)
                      ^^^^^^^^^^^^^^^^^^^^^
  File "/home/jules/.pyenv/versions/3.12.13/lib/python3.12/site-packages/streamlit/watcher/local_sources_watcher.py", line 317, in <lambda>
    if hasattr(m, "__path__")
       ^^^^^^^^^^^^^^^^^^^^^^
  File "/home/jules/.pyenv/versions/3.12.13/lib/python3.12/site-packages/transformers/__init__.py", line 843, in _getattr
    return getattr(importlib.import_module(target, __name__), new_name)
                   ^^^^^^^^^^^^^^^^^^^^^^^^^^^^^^^^^^^^^^^^^
  File "/home/jules/.pyenv/versions/3.12.13/lib/python3.12/importlib/__init__.py", line 90, in import_module
    return _bootstrap._gcd_import(name[level:], package, level)
           ^^^^^^^^^^^^^^^^^^^^^^^^^^^^^^^^^^^^^^^^^^^^^^^^^^^^
  File "<frozen importlib._bootstrap>", line 1387, in _gcd_import
  File "<frozen importlib._bootstrap>", line 1360, in _find_and_load
  File "<frozen importlib._bootstrap>", line 1331, in _find_and_load_unlocked
  File "<frozen importlib._bootstrap>", line 935, in _load_unlocked
  File "<frozen importlib._bootstrap_external>", line 999, in exec_module
  File "<frozen importlib._bootstrap>", line 488, in _call_with_frames_removed
  File "/home/jules/.pyenv/versions/3.12.13/lib/python3.12/site-packages/transformers/models/pp_doclayout_v3/image_processing_pp_doclayout_v3.py", line 24, in <module>
    from torchvision.transforms.v2 import functional as tvF
ModuleNotFoundError: No module named 'torchvision'
[transformers] Accessing `__path__` from `.models.pp_formulanet.image_processing_pp_formulanet`. Returning `__path__` instead. Behavior may be different and this alias will be removed in future versions.
2026-06-01 00:53:28.552 Examining the path of transformers.models.pp_formulanet.image_processing_pp_formulanet_fast raised:
Traceback (most recent call last):
  File "/home/jules/.pyenv/versions/3.12.13/lib/python3.12/site-packages/streamlit/watcher/local_sources_watcher.py", line 330, in get_module_paths
    potential_paths = extract_paths(module)
                      ^^^^^^^^^^^^^^^^^^^^^
  File "/home/jules/.pyenv/versions/3.12.13/lib/python3.12/site-packages/streamlit/watcher/local_sources_watcher.py", line 317, in <lambda>
    if hasattr(m, "__path__")
       ^^^^^^^^^^^^^^^^^^^^^^
  File "/home/jules/.pyenv/versions/3.12.13/lib/python3.12/site-packages/transformers/__init__.py", line 843, in _getattr
    return getattr(importlib.import_module(target, __name__), new_name)
                   ^^^^^^^^^^^^^^^^^^^^^^^^^^^^^^^^^^^^^^^^^
  File "/home/jules/.pyenv/versions/3.12.13/lib/python3.12/importlib/__init__.py", line 90, in import_module
    return _bootstrap._gcd_import(name[level:], package, level)
           ^^^^^^^^^^^^^^^^^^^^^^^^^^^^^^^^^^^^^^^^^^^^^^^^^^^^
  File "<frozen importlib._bootstrap>", line 1387, in _gcd_import
  File "<frozen importlib._bootstrap>", line 1360, in _find_and_load
  File "<frozen importlib._bootstrap>", line 1331, in _find_and_load_unlocked
  File "<frozen importlib._bootstrap>", line 935, in _load_unlocked
  File "<frozen importlib._bootstrap_external>", line 999, in exec_module
  File "<frozen importlib._bootstrap>", line 488, in _call_with_frames_removed
  File "/home/jules/.pyenv/versions/3.12.13/lib/python3.12/site-packages/transformers/models/pp_formulanet/image_processing_pp_formulanet.py", line 23, in <module>
    from torchvision.transforms.v2 import functional as tvF
ModuleNotFoundError: No module named 'torchvision'
[transformers] Accessing `__path__` from `.models.pp_lcnet.image_processing_pp_lcnet`. Returning `__path__` instead. Behavior may be different and this alias will be removed in future versions.
2026-06-01 00:53:28.554 Examining the path of transformers.models.pp_lcnet.image_processing_pp_lcnet_fast raised:
Traceback (most recent call last):
  File "/home/jules/.pyenv/versions/3.12.13/lib/python3.12/site-packages/streamlit/watcher/local_sources_watcher.py", line 330, in get_module_paths
    potential_paths = extract_paths(module)
                      ^^^^^^^^^^^^^^^^^^^^^
  File "/home/jules/.pyenv/versions/3.12.13/lib/python3.12/site-packages/streamlit/watcher/local_sources_watcher.py", line 317, in <lambda>
    if hasattr(m, "__path__")
       ^^^^^^^^^^^^^^^^^^^^^^
  File "/home/jules/.pyenv/versions/3.12.13/lib/python3.12/site-packages/transformers/__init__.py", line 843, in _getattr
    return getattr(importlib.import_module(target, __name__), new_name)
                   ^^^^^^^^^^^^^^^^^^^^^^^^^^^^^^^^^^^^^^^^^
  File "/home/jules/.pyenv/versions/3.12.13/lib/python3.12/importlib/__init__.py", line 90, in import_module
    return _bootstrap._gcd_import(name[level:], package, level)
           ^^^^^^^^^^^^^^^^^^^^^^^^^^^^^^^^^^^^^^^^^^^^^^^^^^^^
  File "<frozen importlib._bootstrap>", line 1387, in _gcd_import
  File "<frozen importlib._bootstrap>", line 1360, in _find_and_load
  File "<frozen importlib._bootstrap>", line 1331, in _find_and_load_unlocked
  File "<frozen importlib._bootstrap>", line 935, in _load_unlocked
  File "<frozen importlib._bootstrap_external>", line 999, in exec_module
  File "<frozen importlib._bootstrap>", line 488, in _call_with_frames_removed
  File "/home/jules/.pyenv/versions/3.12.13/lib/python3.12/site-packages/transformers/models/pp_lcnet/image_processing_pp_lcnet.py", line 24, in <module>
    import torchvision.transforms.v2.functional as tvF
ModuleNotFoundError: No module named 'torchvision'
[transformers] Accessing `__path__` from `.models.pp_ocrv5_server_det.image_processing_pp_ocrv5_server_det`. Returning `__path__` instead. Behavior may be different and this alias will be removed in future versions.
2026-06-01 00:53:28.557 Examining the path of transformers.models.pp_ocrv5_server_det.image_processing_pp_ocrv5_server_det_fast raised:
Traceback (most recent call last):
  File "/home/jules/.pyenv/versions/3.12.13/lib/python3.12/site-packages/streamlit/watcher/local_sources_watcher.py", line 330, in get_module_paths
    potential_paths = extract_paths(module)
                      ^^^^^^^^^^^^^^^^^^^^^
  File "/home/jules/.pyenv/versions/3.12.13/lib/python3.12/site-packages/streamlit/watcher/local_sources_watcher.py", line 317, in <lambda>
    if hasattr(m, "__path__")
       ^^^^^^^^^^^^^^^^^^^^^^
  File "/home/jules/.pyenv/versions/3.12.13/lib/python3.12/site-packages/transformers/__init__.py", line 843, in _getattr
    return getattr(importlib.import_module(target, __name__), new_name)
                   ^^^^^^^^^^^^^^^^^^^^^^^^^^^^^^^^^^^^^^^^^
  File "/home/jules/.pyenv/versions/3.12.13/lib/python3.12/importlib/__init__.py", line 90, in import_module
    return _bootstrap._gcd_import(name[level:], package, level)
           ^^^^^^^^^^^^^^^^^^^^^^^^^^^^^^^^^^^^^^^^^^^^^^^^^^^^
  File "<frozen importlib._bootstrap>", line 1387, in _gcd_import
  File "<frozen importlib._bootstrap>", line 1360, in _find_and_load
  File "<frozen importlib._bootstrap>", line 1331, in _find_and_load_unlocked
  File "<frozen importlib._bootstrap>", line 935, in _load_unlocked
  File "<frozen importlib._bootstrap_external>", line 999, in exec_module
  File "<frozen importlib._bootstrap>", line 488, in _call_with_frames_removed
  File "/home/jules/.pyenv/versions/3.12.13/lib/python3.12/site-packages/transformers/models/pp_ocrv5_server_det/image_processing_pp_ocrv5_server_det.py", line 25, in <module>
    import torchvision.transforms.v2.functional as tvF
ModuleNotFoundError: No module named 'torchvision'
[transformers] Accessing `__path__` from `.models.pp_ocrv5_server_rec.image_processing_pp_ocrv5_server_rec`. Returning `__path__` instead. Behavior may be different and this alias will be removed in future versions.
2026-06-01 00:53:28.559 Examining the path of transformers.models.pp_ocrv5_server_rec.image_processing_pp_ocrv5_server_rec_fast raised:
Traceback (most recent call last):
  File "/home/jules/.pyenv/versions/3.12.13/lib/python3.12/site-packages/streamlit/watcher/local_sources_watcher.py", line 330, in get_module_paths
    potential_paths = extract_paths(module)
                      ^^^^^^^^^^^^^^^^^^^^^
  File "/home/jules/.pyenv/versions/3.12.13/lib/python3.12/site-packages/streamlit/watcher/local_sources_watcher.py", line 317, in <lambda>
    if hasattr(m, "__path__")
       ^^^^^^^^^^^^^^^^^^^^^^
  File "/home/jules/.pyenv/versions/3.12.13/lib/python3.12/site-packages/transformers/__init__.py", line 843, in _getattr
    return getattr(importlib.import_module(target, __name__), new_name)
                   ^^^^^^^^^^^^^^^^^^^^^^^^^^^^^^^^^^^^^^^^^
  File "/home/jules/.pyenv/versions/3.12.13/lib/python3.12/importlib/__init__.py", line 90, in import_module
    return _bootstrap._gcd_import(name[level:], package, level)
           ^^^^^^^^^^^^^^^^^^^^^^^^^^^^^^^^^^^^^^^^^^^^^^^^^^^^
  File "<frozen importlib._bootstrap>", line 1387, in _gcd_import
  File "<frozen importlib._bootstrap>", line 1360, in _find_and_load
  File "<frozen importlib._bootstrap>", line 1331, in _find_and_load_unlocked
  File "<frozen importlib._bootstrap>", line 935, in _load_unlocked
  File "<frozen importlib._bootstrap_external>", line 999, in exec_module
  File "<frozen importlib._bootstrap>", line 488, in _call_with_frames_removed
  File "/home/jules/.pyenv/versions/3.12.13/lib/python3.12/site-packages/transformers/models/pp_ocrv5_server_rec/image_processing_pp_ocrv5_server_rec.py", line 24, in <module>
    import torchvision.transforms.v2.functional as tvF
ModuleNotFoundError: No module named 'torchvision'
[transformers] Accessing `__path__` from `.models.prompt_depth_anything.image_processing_pil_prompt_depth_anything`. Returning `__path__` instead. Behavior may be different and this alias will be removed in future versions.
[transformers] Accessing `__path__` from `.models.prompt_depth_anything.image_processing_prompt_depth_anything`. Returning `__path__` instead. Behavior may be different and this alias will be removed in future versions.
2026-06-01 00:53:28.561 Examining the path of transformers.models.prompt_depth_anything.image_processing_prompt_depth_anything_fast raised:
Traceback (most recent call last):
  File "/home/jules/.pyenv/versions/3.12.13/lib/python3.12/site-packages/streamlit/watcher/local_sources_watcher.py", line 330, in get_module_paths
    potential_paths = extract_paths(module)
                      ^^^^^^^^^^^^^^^^^^^^^
  File "/home/jules/.pyenv/versions/3.12.13/lib/python3.12/site-packages/streamlit/watcher/local_sources_watcher.py", line 317, in <lambda>
    if hasattr(m, "__path__")
       ^^^^^^^^^^^^^^^^^^^^^^
  File "/home/jules/.pyenv/versions/3.12.13/lib/python3.12/site-packages/transformers/__init__.py", line 843, in _getattr
    return getattr(importlib.import_module(target, __name__), new_name)
                   ^^^^^^^^^^^^^^^^^^^^^^^^^^^^^^^^^^^^^^^^^
  File "/home/jules/.pyenv/versions/3.12.13/lib/python3.12/importlib/__init__.py", line 90, in import_module
    return _bootstrap._gcd_import(name[level:], package, level)
           ^^^^^^^^^^^^^^^^^^^^^^^^^^^^^^^^^^^^^^^^^^^^^^^^^^^^
  File "<frozen importlib._bootstrap>", line 1387, in _gcd_import
  File "<frozen importlib._bootstrap>", line 1360, in _find_and_load
  File "<frozen importlib._bootstrap>", line 1331, in _find_and_load_unlocked
  File "<frozen importlib._bootstrap>", line 935, in _load_unlocked
  File "<frozen importlib._bootstrap_external>", line 999, in exec_module
  File "<frozen importlib._bootstrap>", line 488, in _call_with_frames_removed
  File "/home/jules/.pyenv/versions/3.12.13/lib/python3.12/site-packages/transformers/models/prompt_depth_anything/image_processing_prompt_depth_anything.py", line 42, in <module>
    from torchvision.transforms.v2 import functional as tvF
ModuleNotFoundError: No module named 'torchvision'
[transformers] Accessing `__path__` from `.models.pvt.image_processing_pil_pvt`. Returning `__path__` instead. Behavior may be different and this alias will be removed in future versions.
[transformers] Accessing `__path__` from `.models.pvt.image_processing_pvt`. Returning `__path__` instead. Behavior may be different and this alias will be removed in future versions.
[transformers] Accessing `__path__` from `.models.qwen2_vl.image_processing_pil_qwen2_vl`. Returning `__path__` instead. Behavior may be different and this alias will be removed in future versions.
[transformers] Accessing `__path__` from `.models.qwen2_vl.image_processing_qwen2_vl`. Returning `__path__` instead. Behavior may be different and this alias will be removed in future versions.
2026-06-01 00:53:28.564 Examining the path of transformers.models.qwen2_vl.image_processing_qwen2_vl_fast raised:
Traceback (most recent call last):
  File "/home/jules/.pyenv/versions/3.12.13/lib/python3.12/site-packages/streamlit/watcher/local_sources_watcher.py", line 330, in get_module_paths
    potential_paths = extract_paths(module)
                      ^^^^^^^^^^^^^^^^^^^^^
  File "/home/jules/.pyenv/versions/3.12.13/lib/python3.12/site-packages/streamlit/watcher/local_sources_watcher.py", line 317, in <lambda>
    if hasattr(m, "__path__")
       ^^^^^^^^^^^^^^^^^^^^^^
  File "/home/jules/.pyenv/versions/3.12.13/lib/python3.12/site-packages/transformers/__init__.py", line 843, in _getattr
    return getattr(importlib.import_module(target, __name__), new_name)
                   ^^^^^^^^^^^^^^^^^^^^^^^^^^^^^^^^^^^^^^^^^
  File "/home/jules/.pyenv/versions/3.12.13/lib/python3.12/importlib/__init__.py", line 90, in import_module
    return _bootstrap._gcd_import(name[level:], package, level)
           ^^^^^^^^^^^^^^^^^^^^^^^^^^^^^^^^^^^^^^^^^^^^^^^^^^^^
  File "<frozen importlib._bootstrap>", line 1387, in _gcd_import
  File "<frozen importlib._bootstrap>", line 1360, in _find_and_load
  File "<frozen importlib._bootstrap>", line 1331, in _find_and_load_unlocked
  File "<frozen importlib._bootstrap>", line 935, in _load_unlocked
  File "<frozen importlib._bootstrap_external>", line 999, in exec_module
  File "<frozen importlib._bootstrap>", line 488, in _call_with_frames_removed
  File "/home/jules/.pyenv/versions/3.12.13/lib/python3.12/site-packages/transformers/models/qwen2_vl/image_processing_qwen2_vl.py", line 25, in <module>
    from torchvision.transforms.v2 import functional as tvF
ModuleNotFoundError: No module named 'torchvision'
[transformers] Accessing `__path__` from `.models.rf_detr.image_processing_rf_detr`. Returning `__path__` instead. Behavior may be different and this alias will be removed in future versions.
2026-06-01 00:53:28.566 Examining the path of transformers.models.rf_detr.image_processing_rf_detr_fast raised:
Traceback (most recent call last):
  File "/home/jules/.pyenv/versions/3.12.13/lib/python3.12/site-packages/streamlit/watcher/local_sources_watcher.py", line 330, in get_module_paths
    potential_paths = extract_paths(module)
                      ^^^^^^^^^^^^^^^^^^^^^
  File "/home/jules/.pyenv/versions/3.12.13/lib/python3.12/site-packages/streamlit/watcher/local_sources_watcher.py", line 317, in <lambda>
    if hasattr(m, "__path__")
       ^^^^^^^^^^^^^^^^^^^^^^
  File "/home/jules/.pyenv/versions/3.12.13/lib/python3.12/site-packages/transformers/__init__.py", line 843, in _getattr
    return getattr(importlib.import_module(target, __name__), new_name)
                   ^^^^^^^^^^^^^^^^^^^^^^^^^^^^^^^^^^^^^^^^^
  File "/home/jules/.pyenv/versions/3.12.13/lib/python3.12/importlib/__init__.py", line 90, in import_module
    return _bootstrap._gcd_import(name[level:], package, level)
           ^^^^^^^^^^^^^^^^^^^^^^^^^^^^^^^^^^^^^^^^^^^^^^^^^^^^
  File "<frozen importlib._bootstrap>", line 1387, in _gcd_import
  File "<frozen importlib._bootstrap>", line 1360, in _find_and_load
  File "<frozen importlib._bootstrap>", line 1331, in _find_and_load_unlocked
  File "<frozen importlib._bootstrap>", line 935, in _load_unlocked
  File "<frozen importlib._bootstrap_external>", line 999, in exec_module
  File "<frozen importlib._bootstrap>", line 488, in _call_with_frames_removed
  File "/home/jules/.pyenv/versions/3.12.13/lib/python3.12/site-packages/transformers/models/rf_detr/image_processing_rf_detr.py", line 26, in <module>
    from torchvision.transforms.v2 import functional as tvF
ModuleNotFoundError: No module named 'torchvision'
[transformers] Accessing `__path__` from `.models.rt_detr.image_processing_pil_rt_detr`. Returning `__path__` instead. Behavior may be different and this alias will be removed in future versions.
[transformers] Accessing `__path__` from `.models.rt_detr.image_processing_rt_detr`. Returning `__path__` instead. Behavior may be different and this alias will be removed in future versions.
2026-06-01 00:53:28.569 Examining the path of transformers.models.rt_detr.image_processing_rt_detr_fast raised:
Traceback (most recent call last):
  File "/home/jules/.pyenv/versions/3.12.13/lib/python3.12/site-packages/streamlit/watcher/local_sources_watcher.py", line 330, in get_module_paths
    potential_paths = extract_paths(module)
                      ^^^^^^^^^^^^^^^^^^^^^
  File "/home/jules/.pyenv/versions/3.12.13/lib/python3.12/site-packages/streamlit/watcher/local_sources_watcher.py", line 317, in <lambda>
    if hasattr(m, "__path__")
       ^^^^^^^^^^^^^^^^^^^^^^
  File "/home/jules/.pyenv/versions/3.12.13/lib/python3.12/site-packages/transformers/__init__.py", line 843, in _getattr
    return getattr(importlib.import_module(target, __name__), new_name)
                   ^^^^^^^^^^^^^^^^^^^^^^^^^^^^^^^^^^^^^^^^^
  File "/home/jules/.pyenv/versions/3.12.13/lib/python3.12/importlib/__init__.py", line 90, in import_module
    return _bootstrap._gcd_import(name[level:], package, level)
           ^^^^^^^^^^^^^^^^^^^^^^^^^^^^^^^^^^^^^^^^^^^^^^^^^^^^
  File "<frozen importlib._bootstrap>", line 1387, in _gcd_import
  File "<frozen importlib._bootstrap>", line 1360, in _find_and_load
  File "<frozen importlib._bootstrap>", line 1331, in _find_and_load_unlocked
  File "<frozen importlib._bootstrap>", line 935, in _load_unlocked
  File "<frozen importlib._bootstrap_external>", line 999, in exec_module
  File "<frozen importlib._bootstrap>", line 488, in _call_with_frames_removed
  File "/home/jules/.pyenv/versions/3.12.13/lib/python3.12/site-packages/transformers/models/rt_detr/image_processing_rt_detr.py", line 24, in <module>
    from torchvision.transforms.v2 import functional as tvF
ModuleNotFoundError: No module named 'torchvision'
[transformers] Accessing `__path__` from `.models.sam.image_processing_pil_sam`. Returning `__path__` instead. Behavior may be different and this alias will be removed in future versions.
[transformers] Accessing `__path__` from `.models.sam.image_processing_sam`. Returning `__path__` instead. Behavior may be different and this alias will be removed in future versions.
2026-06-01 00:53:28.571 Examining the path of transformers.models.sam.image_processing_sam_fast raised:
Traceback (most recent call last):
  File "/home/jules/.pyenv/versions/3.12.13/lib/python3.12/site-packages/streamlit/watcher/local_sources_watcher.py", line 330, in get_module_paths
    potential_paths = extract_paths(module)
                      ^^^^^^^^^^^^^^^^^^^^^
  File "/home/jules/.pyenv/versions/3.12.13/lib/python3.12/site-packages/streamlit/watcher/local_sources_watcher.py", line 317, in <lambda>
    if hasattr(m, "__path__")
       ^^^^^^^^^^^^^^^^^^^^^^
  File "/home/jules/.pyenv/versions/3.12.13/lib/python3.12/site-packages/transformers/__init__.py", line 843, in _getattr
    return getattr(importlib.import_module(target, __name__), new_name)
                   ^^^^^^^^^^^^^^^^^^^^^^^^^^^^^^^^^^^^^^^^^
  File "/home/jules/.pyenv/versions/3.12.13/lib/python3.12/importlib/__init__.py", line 90, in import_module
    return _bootstrap._gcd_import(name[level:], package, level)
           ^^^^^^^^^^^^^^^^^^^^^^^^^^^^^^^^^^^^^^^^^^^^^^^^^^^^
  File "<frozen importlib._bootstrap>", line 1387, in _gcd_import
  File "<frozen importlib._bootstrap>", line 1360, in _find_and_load
  File "<frozen importlib._bootstrap>", line 1331, in _find_and_load_unlocked
  File "<frozen importlib._bootstrap>", line 935, in _load_unlocked
  File "<frozen importlib._bootstrap_external>", line 999, in exec_module
  File "<frozen importlib._bootstrap>", line 488, in _call_with_frames_removed
  File "/home/jules/.pyenv/versions/3.12.13/lib/python3.12/site-packages/transformers/models/sam/image_processing_sam.py", line 25, in <module>
    from torchvision.ops.boxes import batched_nms
ModuleNotFoundError: No module named 'torchvision'
[transformers] Accessing `__path__` from `.models.sam2.image_processing_sam2`. Returning `__path__` instead. Behavior may be different and this alias will be removed in future versions.
2026-06-01 00:53:28.573 Examining the path of transformers.models.sam2.image_processing_sam2_fast raised:
Traceback (most recent call last):
  File "/home/jules/.pyenv/versions/3.12.13/lib/python3.12/site-packages/streamlit/watcher/local_sources_watcher.py", line 330, in get_module_paths
    potential_paths = extract_paths(module)
                      ^^^^^^^^^^^^^^^^^^^^^
  File "/home/jules/.pyenv/versions/3.12.13/lib/python3.12/site-packages/streamlit/watcher/local_sources_watcher.py", line 317, in <lambda>
    if hasattr(m, "__path__")
       ^^^^^^^^^^^^^^^^^^^^^^
  File "/home/jules/.pyenv/versions/3.12.13/lib/python3.12/site-packages/transformers/__init__.py", line 843, in _getattr
    return getattr(importlib.import_module(target, __name__), new_name)
                   ^^^^^^^^^^^^^^^^^^^^^^^^^^^^^^^^^^^^^^^^^
  File "/home/jules/.pyenv/versions/3.12.13/lib/python3.12/importlib/__init__.py", line 90, in import_module
    return _bootstrap._gcd_import(name[level:], package, level)
           ^^^^^^^^^^^^^^^^^^^^^^^^^^^^^^^^^^^^^^^^^^^^^^^^^^^^
  File "<frozen importlib._bootstrap>", line 1387, in _gcd_import
  File "<frozen importlib._bootstrap>", line 1360, in _find_and_load
  File "<frozen importlib._bootstrap>", line 1331, in _find_and_load_unlocked
  File "<frozen importlib._bootstrap>", line 935, in _load_unlocked
  File "<frozen importlib._bootstrap_external>", line 999, in exec_module
  File "<frozen importlib._bootstrap>", line 488, in _call_with_frames_removed
  File "/home/jules/.pyenv/versions/3.12.13/lib/python3.12/site-packages/transformers/models/sam2/image_processing_sam2.py", line 28, in <module>
    from torchvision.ops.boxes import batched_nms
ModuleNotFoundError: No module named 'torchvision'
[transformers] Accessing `__path__` from `.models.sam3.image_processing_sam3`. Returning `__path__` instead. Behavior may be different and this alias will be removed in future versions.
2026-06-01 00:53:28.576 Examining the path of transformers.models.sam3.image_processing_sam3_fast raised:
Traceback (most recent call last):
  File "/home/jules/.pyenv/versions/3.12.13/lib/python3.12/site-packages/streamlit/watcher/local_sources_watcher.py", line 330, in get_module_paths
    potential_paths = extract_paths(module)
                      ^^^^^^^^^^^^^^^^^^^^^
  File "/home/jules/.pyenv/versions/3.12.13/lib/python3.12/site-packages/streamlit/watcher/local_sources_watcher.py", line 317, in <lambda>
    if hasattr(m, "__path__")
       ^^^^^^^^^^^^^^^^^^^^^^
  File "/home/jules/.pyenv/versions/3.12.13/lib/python3.12/site-packages/transformers/__init__.py", line 843, in _getattr
    return getattr(importlib.import_module(target, __name__), new_name)
                   ^^^^^^^^^^^^^^^^^^^^^^^^^^^^^^^^^^^^^^^^^
  File "/home/jules/.pyenv/versions/3.12.13/lib/python3.12/importlib/__init__.py", line 90, in import_module
    return _bootstrap._gcd_import(name[level:], package, level)
           ^^^^^^^^^^^^^^^^^^^^^^^^^^^^^^^^^^^^^^^^^^^^^^^^^^^^
  File "<frozen importlib._bootstrap>", line 1387, in _gcd_import
  File "<frozen importlib._bootstrap>", line 1360, in _find_and_load
  File "<frozen importlib._bootstrap>", line 1331, in _find_and_load_unlocked
  File "<frozen importlib._bootstrap>", line 935, in _load_unlocked
  File "<frozen importlib._bootstrap_external>", line 999, in exec_module
  File "<frozen importlib._bootstrap>", line 488, in _call_with_frames_removed
  File "/home/jules/.pyenv/versions/3.12.13/lib/python3.12/site-packages/transformers/models/sam3/image_processing_sam3.py", line 30, in <module>
    from torchvision.ops.boxes import batched_nms
ModuleNotFoundError: No module named 'torchvision'
[transformers] Accessing `__path__` from `.models.segformer.image_processing_pil_segformer`. Returning `__path__` instead. Behavior may be different and this alias will be removed in future versions.
[transformers] Accessing `__path__` from `.models.segformer.image_processing_segformer`. Returning `__path__` instead. Behavior may be different and this alias will be removed in future versions.
2026-06-01 00:53:28.578 Examining the path of transformers.models.segformer.image_processing_segformer_fast raised:
Traceback (most recent call last):
  File "/home/jules/.pyenv/versions/3.12.13/lib/python3.12/site-packages/streamlit/watcher/local_sources_watcher.py", line 330, in get_module_paths
    potential_paths = extract_paths(module)
                      ^^^^^^^^^^^^^^^^^^^^^
  File "/home/jules/.pyenv/versions/3.12.13/lib/python3.12/site-packages/streamlit/watcher/local_sources_watcher.py", line 317, in <lambda>
    if hasattr(m, "__path__")
       ^^^^^^^^^^^^^^^^^^^^^^
  File "/home/jules/.pyenv/versions/3.12.13/lib/python3.12/site-packages/transformers/__init__.py", line 843, in _getattr
    return getattr(importlib.import_module(target, __name__), new_name)
                   ^^^^^^^^^^^^^^^^^^^^^^^^^^^^^^^^^^^^^^^^^
  File "/home/jules/.pyenv/versions/3.12.13/lib/python3.12/importlib/__init__.py", line 90, in import_module
    return _bootstrap._gcd_import(name[level:], package, level)
           ^^^^^^^^^^^^^^^^^^^^^^^^^^^^^^^^^^^^^^^^^^^^^^^^^^^^
  File "<frozen importlib._bootstrap>", line 1387, in _gcd_import
  File "<frozen importlib._bootstrap>", line 1360, in _find_and_load
  File "<frozen importlib._bootstrap>", line 1331, in _find_and_load_unlocked
  File "<frozen importlib._bootstrap>", line 935, in _load_unlocked
  File "<frozen importlib._bootstrap_external>", line 999, in exec_module
  File "<frozen importlib._bootstrap>", line 488, in _call_with_frames_removed
  File "/home/jules/.pyenv/versions/3.12.13/lib/python3.12/site-packages/transformers/models/segformer/image_processing_segformer.py", line 25, in <module>
    import torchvision.transforms.v2.functional as tvF
ModuleNotFoundError: No module named 'torchvision'
[transformers] Accessing `__path__` from `.models.seggpt.image_processing_pil_seggpt`. Returning `__path__` instead. Behavior may be different and this alias will be removed in future versions.
[transformers] Accessing `__path__` from `.models.seggpt.image_processing_seggpt`. Returning `__path__` instead. Behavior may be different and this alias will be removed in future versions.
2026-06-01 00:53:28.580 Examining the path of transformers.models.seggpt.image_processing_seggpt_fast raised:
Traceback (most recent call last):
  File "/home/jules/.pyenv/versions/3.12.13/lib/python3.12/site-packages/streamlit/watcher/local_sources_watcher.py", line 330, in get_module_paths
    potential_paths = extract_paths(module)
                      ^^^^^^^^^^^^^^^^^^^^^
  File "/home/jules/.pyenv/versions/3.12.13/lib/python3.12/site-packages/streamlit/watcher/local_sources_watcher.py", line 317, in <lambda>
    if hasattr(m, "__path__")
       ^^^^^^^^^^^^^^^^^^^^^^
  File "/home/jules/.pyenv/versions/3.12.13/lib/python3.12/site-packages/transformers/__init__.py", line 843, in _getattr
    return getattr(importlib.import_module(target, __name__), new_name)
                   ^^^^^^^^^^^^^^^^^^^^^^^^^^^^^^^^^^^^^^^^^
  File "/home/jules/.pyenv/versions/3.12.13/lib/python3.12/importlib/__init__.py", line 90, in import_module
    return _bootstrap._gcd_import(name[level:], package, level)
           ^^^^^^^^^^^^^^^^^^^^^^^^^^^^^^^^^^^^^^^^^^^^^^^^^^^^
  File "<frozen importlib._bootstrap>", line 1387, in _gcd_import
  File "<frozen importlib._bootstrap>", line 1360, in _find_and_load
  File "<frozen importlib._bootstrap>", line 1331, in _find_and_load_unlocked
  File "<frozen importlib._bootstrap>", line 935, in _load_unlocked
  File "<frozen importlib._bootstrap_external>", line 999, in exec_module
  File "<frozen importlib._bootstrap>", line 488, in _call_with_frames_removed
  File "/home/jules/.pyenv/versions/3.12.13/lib/python3.12/site-packages/transformers/models/seggpt/image_processing_seggpt.py", line 20, in <module>
    from torchvision.transforms.v2 import functional as tvF
ModuleNotFoundError: No module named 'torchvision'
[transformers] Accessing `__path__` from `.models.siglip.image_processing_pil_siglip`. Returning `__path__` instead. Behavior may be different and this alias will be removed in future versions.
[transformers] Accessing `__path__` from `.models.siglip.image_processing_siglip`. Returning `__path__` instead. Behavior may be different and this alias will be removed in future versions.
[transformers] Accessing `__path__` from `.models.siglip2.image_processing_pil_siglip2`. Returning `__path__` instead. Behavior may be different and this alias will be removed in future versions.
[transformers] Accessing `__path__` from `.models.siglip2.image_processing_siglip2`. Returning `__path__` instead. Behavior may be different and this alias will be removed in future versions.
2026-06-01 00:53:28.583 Examining the path of transformers.models.siglip2.image_processing_siglip2_fast raised:
Traceback (most recent call last):
  File "/home/jules/.pyenv/versions/3.12.13/lib/python3.12/site-packages/streamlit/watcher/local_sources_watcher.py", line 330, in get_module_paths
    potential_paths = extract_paths(module)
                      ^^^^^^^^^^^^^^^^^^^^^
  File "/home/jules/.pyenv/versions/3.12.13/lib/python3.12/site-packages/streamlit/watcher/local_sources_watcher.py", line 317, in <lambda>
    if hasattr(m, "__path__")
       ^^^^^^^^^^^^^^^^^^^^^^
  File "/home/jules/.pyenv/versions/3.12.13/lib/python3.12/site-packages/transformers/__init__.py", line 843, in _getattr
    return getattr(importlib.import_module(target, __name__), new_name)
                   ^^^^^^^^^^^^^^^^^^^^^^^^^^^^^^^^^^^^^^^^^
  File "/home/jules/.pyenv/versions/3.12.13/lib/python3.12/importlib/__init__.py", line 90, in import_module
    return _bootstrap._gcd_import(name[level:], package, level)
           ^^^^^^^^^^^^^^^^^^^^^^^^^^^^^^^^^^^^^^^^^^^^^^^^^^^^
  File "<frozen importlib._bootstrap>", line 1387, in _gcd_import
  File "<frozen importlib._bootstrap>", line 1360, in _find_and_load
  File "<frozen importlib._bootstrap>", line 1331, in _find_and_load_unlocked
  File "<frozen importlib._bootstrap>", line 935, in _load_unlocked
  File "<frozen importlib._bootstrap_external>", line 999, in exec_module
  File "<frozen importlib._bootstrap>", line 488, in _call_with_frames_removed
  File "/home/jules/.pyenv/versions/3.12.13/lib/python3.12/site-packages/transformers/models/siglip2/image_processing_siglip2.py", line 17, in <module>
    from torchvision.transforms.v2 import functional as tvF
ModuleNotFoundError: No module named 'torchvision'
[transformers] Accessing `__path__` from `.models.slanext.image_processing_slanext`. Returning `__path__` instead. Behavior may be different and this alias will be removed in future versions.
2026-06-01 00:53:28.585 Examining the path of transformers.models.slanext.image_processing_slanext_fast raised:
Traceback (most recent call last):
  File "/home/jules/.pyenv/versions/3.12.13/lib/python3.12/site-packages/streamlit/watcher/local_sources_watcher.py", line 330, in get_module_paths
    potential_paths = extract_paths(module)
                      ^^^^^^^^^^^^^^^^^^^^^
  File "/home/jules/.pyenv/versions/3.12.13/lib/python3.12/site-packages/streamlit/watcher/local_sources_watcher.py", line 317, in <lambda>
    if hasattr(m, "__path__")
       ^^^^^^^^^^^^^^^^^^^^^^
  File "/home/jules/.pyenv/versions/3.12.13/lib/python3.12/site-packages/transformers/__init__.py", line 843, in _getattr
    return getattr(importlib.import_module(target, __name__), new_name)
                   ^^^^^^^^^^^^^^^^^^^^^^^^^^^^^^^^^^^^^^^^^
  File "/home/jules/.pyenv/versions/3.12.13/lib/python3.12/importlib/__init__.py", line 90, in import_module
    return _bootstrap._gcd_import(name[level:], package, level)
           ^^^^^^^^^^^^^^^^^^^^^^^^^^^^^^^^^^^^^^^^^^^^^^^^^^^^
  File "<frozen importlib._bootstrap>", line 1387, in _gcd_import
  File "<frozen importlib._bootstrap>", line 1360, in _find_and_load
  File "<frozen importlib._bootstrap>", line 1331, in _find_and_load_unlocked
  File "<frozen importlib._bootstrap>", line 935, in _load_unlocked
  File "<frozen importlib._bootstrap_external>", line 999, in exec_module
  File "<frozen importlib._bootstrap>", line 488, in _call_with_frames_removed
  File "/home/jules/.pyenv/versions/3.12.13/lib/python3.12/site-packages/transformers/models/slanext/image_processing_slanext.py", line 23, in <module>
    import torchvision.transforms.v2.functional as tvF
ModuleNotFoundError: No module named 'torchvision'
[transformers] Accessing `__path__` from `.models.smolvlm.image_processing_pil_smolvlm`. Returning `__path__` instead. Behavior may be different and this alias will be removed in future versions.
[transformers] Accessing `__path__` from `.models.smolvlm.image_processing_smolvlm`. Returning `__path__` instead. Behavior may be different and this alias will be removed in future versions.
2026-06-01 00:53:28.588 Examining the path of transformers.models.smolvlm.image_processing_smolvlm_fast raised:
Traceback (most recent call last):
  File "/home/jules/.pyenv/versions/3.12.13/lib/python3.12/site-packages/streamlit/watcher/local_sources_watcher.py", line 330, in get_module_paths
    potential_paths = extract_paths(module)
                      ^^^^^^^^^^^^^^^^^^^^^
  File "/home/jules/.pyenv/versions/3.12.13/lib/python3.12/site-packages/streamlit/watcher/local_sources_watcher.py", line 317, in <lambda>
    if hasattr(m, "__path__")
       ^^^^^^^^^^^^^^^^^^^^^^
  File "/home/jules/.pyenv/versions/3.12.13/lib/python3.12/site-packages/transformers/__init__.py", line 843, in _getattr
    return getattr(importlib.import_module(target, __name__), new_name)
                   ^^^^^^^^^^^^^^^^^^^^^^^^^^^^^^^^^^^^^^^^^
  File "/home/jules/.pyenv/versions/3.12.13/lib/python3.12/importlib/__init__.py", line 90, in import_module
    return _bootstrap._gcd_import(name[level:], package, level)
           ^^^^^^^^^^^^^^^^^^^^^^^^^^^^^^^^^^^^^^^^^^^^^^^^^^^^
  File "<frozen importlib._bootstrap>", line 1387, in _gcd_import
  File "<frozen importlib._bootstrap>", line 1360, in _find_and_load
  File "<frozen importlib._bootstrap>", line 1331, in _find_and_load_unlocked
  File "<frozen importlib._bootstrap>", line 935, in _load_unlocked
  File "<frozen importlib._bootstrap_external>", line 999, in exec_module
  File "<frozen importlib._bootstrap>", line 488, in _call_with_frames_removed
  File "/home/jules/.pyenv/versions/3.12.13/lib/python3.12/site-packages/transformers/models/smolvlm/image_processing_smolvlm.py", line 27, in <module>
    from torchvision.transforms.v2 import functional as tvF
ModuleNotFoundError: No module named 'torchvision'
[transformers] Accessing `__path__` from `.models.superglue.image_processing_pil_superglue`. Returning `__path__` instead. Behavior may be different and this alias will be removed in future versions.
[transformers] Accessing `__path__` from `.models.superglue.image_processing_superglue`. Returning `__path__` instead. Behavior may be different and this alias will be removed in future versions.
2026-06-01 00:53:28.590 Examining the path of transformers.models.superglue.image_processing_superglue_fast raised:
Traceback (most recent call last):
  File "/home/jules/.pyenv/versions/3.12.13/lib/python3.12/site-packages/streamlit/watcher/local_sources_watcher.py", line 330, in get_module_paths
    potential_paths = extract_paths(module)
                      ^^^^^^^^^^^^^^^^^^^^^
  File "/home/jules/.pyenv/versions/3.12.13/lib/python3.12/site-packages/streamlit/watcher/local_sources_watcher.py", line 317, in <lambda>
    if hasattr(m, "__path__")
       ^^^^^^^^^^^^^^^^^^^^^^
  File "/home/jules/.pyenv/versions/3.12.13/lib/python3.12/site-packages/transformers/__init__.py", line 843, in _getattr
    return getattr(importlib.import_module(target, __name__), new_name)
                   ^^^^^^^^^^^^^^^^^^^^^^^^^^^^^^^^^^^^^^^^^
  File "/home/jules/.pyenv/versions/3.12.13/lib/python3.12/importlib/__init__.py", line 90, in import_module
    return _bootstrap._gcd_import(name[level:], package, level)
           ^^^^^^^^^^^^^^^^^^^^^^^^^^^^^^^^^^^^^^^^^^^^^^^^^^^^
  File "<frozen importlib._bootstrap>", line 1387, in _gcd_import
  File "<frozen importlib._bootstrap>", line 1360, in _find_and_load
  File "<frozen importlib._bootstrap>", line 1331, in _find_and_load_unlocked
  File "<frozen importlib._bootstrap>", line 935, in _load_unlocked
  File "<frozen importlib._bootstrap_external>", line 999, in exec_module
  File "<frozen importlib._bootstrap>", line 488, in _call_with_frames_removed
  File "/home/jules/.pyenv/versions/3.12.13/lib/python3.12/site-packages/transformers/models/superglue/image_processing_superglue.py", line 47, in <module>
    from torchvision.transforms.v2 import functional as tvF
ModuleNotFoundError: No module named 'torchvision'
[transformers] Accessing `__path__` from `.models.superpoint.image_processing_pil_superpoint`. Returning `__path__` instead. Behavior may be different and this alias will be removed in future versions.
[transformers] Accessing `__path__` from `.models.superpoint.image_processing_superpoint`. Returning `__path__` instead. Behavior may be different and this alias will be removed in future versions.
2026-06-01 00:53:28.592 Examining the path of transformers.models.superpoint.image_processing_superpoint_fast raised:
Traceback (most recent call last):
  File "/home/jules/.pyenv/versions/3.12.13/lib/python3.12/site-packages/streamlit/watcher/local_sources_watcher.py", line 330, in get_module_paths
    potential_paths = extract_paths(module)
                      ^^^^^^^^^^^^^^^^^^^^^
  File "/home/jules/.pyenv/versions/3.12.13/lib/python3.12/site-packages/streamlit/watcher/local_sources_watcher.py", line 317, in <lambda>
    if hasattr(m, "__path__")
       ^^^^^^^^^^^^^^^^^^^^^^
  File "/home/jules/.pyenv/versions/3.12.13/lib/python3.12/site-packages/transformers/__init__.py", line 843, in _getattr
    return getattr(importlib.import_module(target, __name__), new_name)
                   ^^^^^^^^^^^^^^^^^^^^^^^^^^^^^^^^^^^^^^^^^
  File "/home/jules/.pyenv/versions/3.12.13/lib/python3.12/importlib/__init__.py", line 90, in import_module
    return _bootstrap._gcd_import(name[level:], package, level)
           ^^^^^^^^^^^^^^^^^^^^^^^^^^^^^^^^^^^^^^^^^^^^^^^^^^^^
  File "<frozen importlib._bootstrap>", line 1387, in _gcd_import
  File "<frozen importlib._bootstrap>", line 1360, in _find_and_load
  File "<frozen importlib._bootstrap>", line 1331, in _find_and_load_unlocked
  File "<frozen importlib._bootstrap>", line 935, in _load_unlocked
  File "<frozen importlib._bootstrap_external>", line 999, in exec_module
  File "<frozen importlib._bootstrap>", line 488, in _call_with_frames_removed
  File "/home/jules/.pyenv/versions/3.12.13/lib/python3.12/site-packages/transformers/models/superpoint/image_processing_superpoint.py", line 31, in <module>
    from torchvision.transforms.v2 import functional as tvF
ModuleNotFoundError: No module named 'torchvision'
[transformers] Accessing `__path__` from `.models.swin2sr.image_processing_pil_swin2sr`. Returning `__path__` instead. Behavior may be different and this alias will be removed in future versions.
[transformers] Accessing `__path__` from `.models.swin2sr.image_processing_swin2sr`. Returning `__path__` instead. Behavior may be different and this alias will be removed in future versions.
2026-06-01 00:53:28.594 Examining the path of transformers.models.swin2sr.image_processing_swin2sr_fast raised:
Traceback (most recent call last):
  File "/home/jules/.pyenv/versions/3.12.13/lib/python3.12/site-packages/streamlit/watcher/local_sources_watcher.py", line 330, in get_module_paths
    potential_paths = extract_paths(module)
                      ^^^^^^^^^^^^^^^^^^^^^
  File "/home/jules/.pyenv/versions/3.12.13/lib/python3.12/site-packages/streamlit/watcher/local_sources_watcher.py", line 317, in <lambda>
    if hasattr(m, "__path__")
       ^^^^^^^^^^^^^^^^^^^^^^
  File "/home/jules/.pyenv/versions/3.12.13/lib/python3.12/site-packages/transformers/__init__.py", line 843, in _getattr
    return getattr(importlib.import_module(target, __name__), new_name)
                   ^^^^^^^^^^^^^^^^^^^^^^^^^^^^^^^^^^^^^^^^^
  File "/home/jules/.pyenv/versions/3.12.13/lib/python3.12/importlib/__init__.py", line 90, in import_module
    return _bootstrap._gcd_import(name[level:], package, level)
           ^^^^^^^^^^^^^^^^^^^^^^^^^^^^^^^^^^^^^^^^^^^^^^^^^^^^
  File "<frozen importlib._bootstrap>", line 1387, in _gcd_import
  File "<frozen importlib._bootstrap>", line 1360, in _find_and_load
  File "<frozen importlib._bootstrap>", line 1331, in _find_and_load_unlocked
  File "<frozen importlib._bootstrap>", line 935, in _load_unlocked
  File "<frozen importlib._bootstrap_external>", line 999, in exec_module
  File "<frozen importlib._bootstrap>", line 488, in _call_with_frames_removed
  File "/home/jules/.pyenv/versions/3.12.13/lib/python3.12/site-packages/transformers/models/swin2sr/image_processing_swin2sr.py", line 17, in <module>
    from torchvision.transforms.v2 import functional as tvF
ModuleNotFoundError: No module named 'torchvision'
[transformers] Accessing `__path__` from `.models.textnet.image_processing_pil_textnet`. Returning `__path__` instead. Behavior may be different and this alias will be removed in future versions.
[transformers] Accessing `__path__` from `.models.textnet.image_processing_textnet`. Returning `__path__` instead. Behavior may be different and this alias will be removed in future versions.
2026-06-01 00:53:28.596 Examining the path of transformers.models.textnet.image_processing_textnet_fast raised:
Traceback (most recent call last):
  File "/home/jules/.pyenv/versions/3.12.13/lib/python3.12/site-packages/streamlit/watcher/local_sources_watcher.py", line 330, in get_module_paths
    potential_paths = extract_paths(module)
                      ^^^^^^^^^^^^^^^^^^^^^
  File "/home/jules/.pyenv/versions/3.12.13/lib/python3.12/site-packages/streamlit/watcher/local_sources_watcher.py", line 317, in <lambda>
    if hasattr(m, "__path__")
       ^^^^^^^^^^^^^^^^^^^^^^
  File "/home/jules/.pyenv/versions/3.12.13/lib/python3.12/site-packages/transformers/__init__.py", line 843, in _getattr
    return getattr(importlib.import_module(target, __name__), new_name)
                   ^^^^^^^^^^^^^^^^^^^^^^^^^^^^^^^^^^^^^^^^^
  File "/home/jules/.pyenv/versions/3.12.13/lib/python3.12/importlib/__init__.py", line 90, in import_module
    return _bootstrap._gcd_import(name[level:], package, level)
           ^^^^^^^^^^^^^^^^^^^^^^^^^^^^^^^^^^^^^^^^^^^^^^^^^^^^
  File "<frozen importlib._bootstrap>", line 1387, in _gcd_import
  File "<frozen importlib._bootstrap>", line 1360, in _find_and_load
  File "<frozen importlib._bootstrap>", line 1331, in _find_and_load_unlocked
  File "<frozen importlib._bootstrap>", line 935, in _load_unlocked
  File "<frozen importlib._bootstrap_external>", line 999, in exec_module
  File "<frozen importlib._bootstrap>", line 488, in _call_with_frames_removed
  File "/home/jules/.pyenv/versions/3.12.13/lib/python3.12/site-packages/transformers/models/textnet/image_processing_textnet.py", line 17, in <module>
    from torchvision.transforms.v2 import functional as tvF
ModuleNotFoundError: No module named 'torchvision'
[transformers] Accessing `__path__` from `.models.timm_wrapper.image_processing_timm_wrapper`. Returning `__path__` instead. Behavior may be different and this alias will be removed in future versions.
[transformers] Accessing `__path__` from `.models.tvp.image_processing_pil_tvp`. Returning `__path__` instead. Behavior may be different and this alias will be removed in future versions.
[transformers] Accessing `__path__` from `.models.tvp.image_processing_tvp`. Returning `__path__` instead. Behavior may be different and this alias will be removed in future versions.
2026-06-01 00:53:28.598 Examining the path of transformers.models.tvp.image_processing_tvp_fast raised:
Traceback (most recent call last):
  File "/home/jules/.pyenv/versions/3.12.13/lib/python3.12/site-packages/streamlit/watcher/local_sources_watcher.py", line 330, in get_module_paths
    potential_paths = extract_paths(module)
                      ^^^^^^^^^^^^^^^^^^^^^
  File "/home/jules/.pyenv/versions/3.12.13/lib/python3.12/site-packages/streamlit/watcher/local_sources_watcher.py", line 317, in <lambda>
    if hasattr(m, "__path__")
       ^^^^^^^^^^^^^^^^^^^^^^
  File "/home/jules/.pyenv/versions/3.12.13/lib/python3.12/site-packages/transformers/__init__.py", line 843, in _getattr
    return getattr(importlib.import_module(target, __name__), new_name)
                   ^^^^^^^^^^^^^^^^^^^^^^^^^^^^^^^^^^^^^^^^^
  File "/home/jules/.pyenv/versions/3.12.13/lib/python3.12/importlib/__init__.py", line 90, in import_module
    return _bootstrap._gcd_import(name[level:], package, level)
           ^^^^^^^^^^^^^^^^^^^^^^^^^^^^^^^^^^^^^^^^^^^^^^^^^^^^
  File "<frozen importlib._bootstrap>", line 1387, in _gcd_import
  File "<frozen importlib._bootstrap>", line 1360, in _find_and_load
  File "<frozen importlib._bootstrap>", line 1331, in _find_and_load_unlocked
  File "<frozen importlib._bootstrap>", line 935, in _load_unlocked
  File "<frozen importlib._bootstrap_external>", line 999, in exec_module
  File "<frozen importlib._bootstrap>", line 488, in _call_with_frames_removed
  File "/home/jules/.pyenv/versions/3.12.13/lib/python3.12/site-packages/transformers/models/tvp/image_processing_tvp.py", line 17, in <module>
    from torchvision.transforms.v2 import functional as tvF
ModuleNotFoundError: No module named 'torchvision'
[transformers] Accessing `__path__` from `.models.uvdoc.image_processing_uvdoc`. Returning `__path__` instead. Behavior may be different and this alias will be removed in future versions.
[transformers] Accessing `__path__` from `.models.video_llama_3.image_processing_pil_video_llama_3`. Returning `__path__` instead. Behavior may be different and this alias will be removed in future versions.
[transformers] Accessing `__path__` from `.models.video_llama_3.image_processing_video_llama_3`. Returning `__path__` instead. Behavior may be different and this alias will be removed in future versions.
[transformers] Accessing `__path__` from `.models.video_llava.image_processing_video_llava`. Returning `__path__` instead. Behavior may be different and this alias will be removed in future versions.
[transformers] Accessing `__path__` from `.models.videomae.image_processing_pil_videomae`. Returning `__path__` instead. Behavior may be different and this alias will be removed in future versions.
[transformers] Accessing `__path__` from `.models.videomae.image_processing_videomae`. Returning `__path__` instead. Behavior may be different and this alias will be removed in future versions.
2026-06-01 00:53:28.600 Examining the path of transformers.models.videomae.image_processing_videomae_fast raised:
Traceback (most recent call last):
  File "/home/jules/.pyenv/versions/3.12.13/lib/python3.12/site-packages/streamlit/watcher/local_sources_watcher.py", line 330, in get_module_paths
    potential_paths = extract_paths(module)
                      ^^^^^^^^^^^^^^^^^^^^^
  File "/home/jules/.pyenv/versions/3.12.13/lib/python3.12/site-packages/streamlit/watcher/local_sources_watcher.py", line 317, in <lambda>
    if hasattr(m, "__path__")
       ^^^^^^^^^^^^^^^^^^^^^^
  File "/home/jules/.pyenv/versions/3.12.13/lib/python3.12/site-packages/transformers/__init__.py", line 843, in _getattr
    return getattr(importlib.import_module(target, __name__), new_name)
                   ^^^^^^^^^^^^^^^^^^^^^^^^^^^^^^^^^^^^^^^^^
  File "/home/jules/.pyenv/versions/3.12.13/lib/python3.12/importlib/__init__.py", line 90, in import_module
    return _bootstrap._gcd_import(name[level:], package, level)
           ^^^^^^^^^^^^^^^^^^^^^^^^^^^^^^^^^^^^^^^^^^^^^^^^^^^^
  File "<frozen importlib._bootstrap>", line 1387, in _gcd_import
  File "<frozen importlib._bootstrap>", line 1360, in _find_and_load
  File "<frozen importlib._bootstrap>", line 1331, in _find_and_load_unlocked
  File "<frozen importlib._bootstrap>", line 935, in _load_unlocked
  File "<frozen importlib._bootstrap_external>", line 999, in exec_module
  File "<frozen importlib._bootstrap>", line 488, in _call_with_frames_removed
  File "/home/jules/.pyenv/versions/3.12.13/lib/python3.12/site-packages/transformers/models/videomae/image_processing_videomae.py", line 17, in <module>
    from torchvision.transforms.v2 import functional as tvF
ModuleNotFoundError: No module named 'torchvision'
[transformers] Accessing `__path__` from `.models.vilt.image_processing_pil_vilt`. Returning `__path__` instead. Behavior may be different and this alias will be removed in future versions.
[transformers] Accessing `__path__` from `.models.vilt.image_processing_vilt`. Returning `__path__` instead. Behavior may be different and this alias will be removed in future versions.
2026-06-01 00:53:28.602 Examining the path of transformers.models.vilt.image_processing_vilt_fast raised:
Traceback (most recent call last):
  File "/home/jules/.pyenv/versions/3.12.13/lib/python3.12/site-packages/streamlit/watcher/local_sources_watcher.py", line 330, in get_module_paths
    potential_paths = extract_paths(module)
                      ^^^^^^^^^^^^^^^^^^^^^
  File "/home/jules/.pyenv/versions/3.12.13/lib/python3.12/site-packages/streamlit/watcher/local_sources_watcher.py", line 317, in <lambda>
    if hasattr(m, "__path__")
       ^^^^^^^^^^^^^^^^^^^^^^
  File "/home/jules/.pyenv/versions/3.12.13/lib/python3.12/site-packages/transformers/__init__.py", line 843, in _getattr
    return getattr(importlib.import_module(target, __name__), new_name)
                   ^^^^^^^^^^^^^^^^^^^^^^^^^^^^^^^^^^^^^^^^^
  File "/home/jules/.pyenv/versions/3.12.13/lib/python3.12/importlib/__init__.py", line 90, in import_module
    return _bootstrap._gcd_import(name[level:], package, level)
           ^^^^^^^^^^^^^^^^^^^^^^^^^^^^^^^^^^^^^^^^^^^^^^^^^^^^
  File "<frozen importlib._bootstrap>", line 1387, in _gcd_import
  File "<frozen importlib._bootstrap>", line 1360, in _find_and_load
  File "<frozen importlib._bootstrap>", line 1331, in _find_and_load_unlocked
  File "<frozen importlib._bootstrap>", line 935, in _load_unlocked
  File "<frozen importlib._bootstrap_external>", line 999, in exec_module
  File "<frozen importlib._bootstrap>", line 488, in _call_with_frames_removed
  File "/home/jules/.pyenv/versions/3.12.13/lib/python3.12/site-packages/transformers/models/vilt/image_processing_vilt.py", line 17, in <module>
    from torchvision.transforms.v2 import functional as tvF
ModuleNotFoundError: No module named 'torchvision'
[transformers] Accessing `__path__` from `.models.vit.image_processing_pil_vit`. Returning `__path__` instead. Behavior may be different and this alias will be removed in future versions.
[transformers] Accessing `__path__` from `.models.vit.image_processing_vit`. Returning `__path__` instead. Behavior may be different and this alias will be removed in future versions.
[transformers] Accessing `__path__` from `.models.vitmatte.image_processing_pil_vitmatte`. Returning `__path__` instead. Behavior may be different and this alias will be removed in future versions.
[transformers] Accessing `__path__` from `.models.vitmatte.image_processing_vitmatte`. Returning `__path__` instead. Behavior may be different and this alias will be removed in future versions.
2026-06-01 00:53:28.605 Examining the path of transformers.models.vitmatte.image_processing_vitmatte_fast raised:
Traceback (most recent call last):
  File "/home/jules/.pyenv/versions/3.12.13/lib/python3.12/site-packages/streamlit/watcher/local_sources_watcher.py", line 330, in get_module_paths
    potential_paths = extract_paths(module)
                      ^^^^^^^^^^^^^^^^^^^^^
  File "/home/jules/.pyenv/versions/3.12.13/lib/python3.12/site-packages/streamlit/watcher/local_sources_watcher.py", line 317, in <lambda>
    if hasattr(m, "__path__")
       ^^^^^^^^^^^^^^^^^^^^^^
  File "/home/jules/.pyenv/versions/3.12.13/lib/python3.12/site-packages/transformers/__init__.py", line 843, in _getattr
    return getattr(importlib.import_module(target, __name__), new_name)
                   ^^^^^^^^^^^^^^^^^^^^^^^^^^^^^^^^^^^^^^^^^
  File "/home/jules/.pyenv/versions/3.12.13/lib/python3.12/importlib/__init__.py", line 90, in import_module
    return _bootstrap._gcd_import(name[level:], package, level)
           ^^^^^^^^^^^^^^^^^^^^^^^^^^^^^^^^^^^^^^^^^^^^^^^^^^^^
  File "<frozen importlib._bootstrap>", line 1387, in _gcd_import
  File "<frozen importlib._bootstrap>", line 1360, in _find_and_load
  File "<frozen importlib._bootstrap>", line 1331, in _find_and_load_unlocked
  File "<frozen importlib._bootstrap>", line 935, in _load_unlocked
  File "<frozen importlib._bootstrap_external>", line 999, in exec_module
  File "<frozen importlib._bootstrap>", line 488, in _call_with_frames_removed
  File "/home/jules/.pyenv/versions/3.12.13/lib/python3.12/site-packages/transformers/models/vitmatte/image_processing_vitmatte.py", line 19, in <module>
    from torchvision.transforms.v2 import functional as tvF
ModuleNotFoundError: No module named 'torchvision'
[transformers] Accessing `__path__` from `.models.vitpose.image_processing_pil_vitpose`. Returning `__path__` instead. Behavior may be different and this alias will be removed in future versions.
[transformers] Accessing `__path__` from `.models.vitpose.image_processing_vitpose`. Returning `__path__` instead. Behavior may be different and this alias will be removed in future versions.
2026-06-01 00:53:28.608 Examining the path of transformers.models.vitpose.image_processing_vitpose_fast raised:
Traceback (most recent call last):
  File "/home/jules/.pyenv/versions/3.12.13/lib/python3.12/site-packages/streamlit/watcher/local_sources_watcher.py", line 330, in get_module_paths
    potential_paths = extract_paths(module)
                      ^^^^^^^^^^^^^^^^^^^^^
  File "/home/jules/.pyenv/versions/3.12.13/lib/python3.12/site-packages/streamlit/watcher/local_sources_watcher.py", line 317, in <lambda>
    if hasattr(m, "__path__")
       ^^^^^^^^^^^^^^^^^^^^^^
  File "/home/jules/.pyenv/versions/3.12.13/lib/python3.12/site-packages/transformers/__init__.py", line 843, in _getattr
    return getattr(importlib.import_module(target, __name__), new_name)
                   ^^^^^^^^^^^^^^^^^^^^^^^^^^^^^^^^^^^^^^^^^
  File "/home/jules/.pyenv/versions/3.12.13/lib/python3.12/importlib/__init__.py", line 90, in import_module
    return _bootstrap._gcd_import(name[level:], package, level)
           ^^^^^^^^^^^^^^^^^^^^^^^^^^^^^^^^^^^^^^^^^^^^^^^^^^^^
  File "<frozen importlib._bootstrap>", line 1387, in _gcd_import
  File "<frozen importlib._bootstrap>", line 1360, in _find_and_load
  File "<frozen importlib._bootstrap>", line 1331, in _find_and_load_unlocked
  File "<frozen importlib._bootstrap>", line 935, in _load_unlocked
  File "<frozen importlib._bootstrap_external>", line 999, in exec_module
  File "<frozen importlib._bootstrap>", line 488, in _call_with_frames_removed
  File "/home/jules/.pyenv/versions/3.12.13/lib/python3.12/site-packages/transformers/models/vitpose/image_processing_vitpose.py", line 22, in <module>
    from torchvision.transforms.v2 import functional as tvF
ModuleNotFoundError: No module named 'torchvision'
[transformers] Accessing `__path__` from `.models.vivit.image_processing_vivit`. Returning `__path__` instead. Behavior may be different and this alias will be removed in future versions.
[transformers] Accessing `__path__` from `.models.yolos.image_processing_pil_yolos`. Returning `__path__` instead. Behavior may be different and this alias will be removed in future versions.
[transformers] Accessing `__path__` from `.models.yolos.image_processing_yolos`. Returning `__path__` instead. Behavior may be different and this alias will be removed in future versions.
2026-06-01 00:53:28.610 Examining the path of transformers.models.yolos.image_processing_yolos_fast raised:
Traceback (most recent call last):
  File "/home/jules/.pyenv/versions/3.12.13/lib/python3.12/site-packages/streamlit/watcher/local_sources_watcher.py", line 330, in get_module_paths
    potential_paths = extract_paths(module)
                      ^^^^^^^^^^^^^^^^^^^^^
  File "/home/jules/.pyenv/versions/3.12.13/lib/python3.12/site-packages/streamlit/watcher/local_sources_watcher.py", line 317, in <lambda>
    if hasattr(m, "__path__")
       ^^^^^^^^^^^^^^^^^^^^^^
  File "/home/jules/.pyenv/versions/3.12.13/lib/python3.12/site-packages/transformers/__init__.py", line 843, in _getattr
    return getattr(importlib.import_module(target, __name__), new_name)
                   ^^^^^^^^^^^^^^^^^^^^^^^^^^^^^^^^^^^^^^^^^
  File "/home/jules/.pyenv/versions/3.12.13/lib/python3.12/importlib/__init__.py", line 90, in import_module
    return _bootstrap._gcd_import(name[level:], package, level)
           ^^^^^^^^^^^^^^^^^^^^^^^^^^^^^^^^^^^^^^^^^^^^^^^^^^^^
  File "<frozen importlib._bootstrap>", line 1387, in _gcd_import
  File "<frozen importlib._bootstrap>", line 1360, in _find_and_load
  File "<frozen importlib._bootstrap>", line 1331, in _find_and_load_unlocked
  File "<frozen importlib._bootstrap>", line 935, in _load_unlocked
  File "<frozen importlib._bootstrap_external>", line 999, in exec_module
  File "<frozen importlib._bootstrap>", line 488, in _call_with_frames_removed
  File "/home/jules/.pyenv/versions/3.12.13/lib/python3.12/site-packages/transformers/models/yolos/image_processing_yolos.py", line 12, in <module>
    from torchvision.io import read_image
ModuleNotFoundError: No module named 'torchvision'
[transformers] Accessing `__path__` from `.models.zoedepth.image_processing_pil_zoedepth`. Returning `__path__` instead. Behavior may be different and this alias will be removed in future versions.
[transformers] Accessing `__path__` from `.models.zoedepth.image_processing_zoedepth`. Returning `__path__` instead. Behavior may be different and this alias will be removed in future versions.
2026-06-01 00:53:28.612 Examining the path of transformers.models.zoedepth.image_processing_zoedepth_fast raised:
Traceback (most recent call last):
  File "/home/jules/.pyenv/versions/3.12.13/lib/python3.12/site-packages/streamlit/watcher/local_sources_watcher.py", line 330, in get_module_paths
    potential_paths = extract_paths(module)
                      ^^^^^^^^^^^^^^^^^^^^^
  File "/home/jules/.pyenv/versions/3.12.13/lib/python3.12/site-packages/streamlit/watcher/local_sources_watcher.py", line 317, in <lambda>
    if hasattr(m, "__path__")
       ^^^^^^^^^^^^^^^^^^^^^^
  File "/home/jules/.pyenv/versions/3.12.13/lib/python3.12/site-packages/transformers/__init__.py", line 843, in _getattr
    return getattr(importlib.import_module(target, __name__), new_name)
                   ^^^^^^^^^^^^^^^^^^^^^^^^^^^^^^^^^^^^^^^^^
  File "/home/jules/.pyenv/versions/3.12.13/lib/python3.12/importlib/__init__.py", line 90, in import_module
    return _bootstrap._gcd_import(name[level:], package, level)
           ^^^^^^^^^^^^^^^^^^^^^^^^^^^^^^^^^^^^^^^^^^^^^^^^^^^^
  File "<frozen importlib._bootstrap>", line 1387, in _gcd_import
  File "<frozen importlib._bootstrap>", line 1360, in _find_and_load
  File "<frozen importlib._bootstrap>", line 1331, in _find_and_load_unlocked
  File "<frozen importlib._bootstrap>", line 935, in _load_unlocked
  File "<frozen importlib._bootstrap_external>", line 999, in exec_module
  File "<frozen importlib._bootstrap>", line 488, in _call_with_frames_removed
  File "/home/jules/.pyenv/versions/3.12.13/lib/python3.12/site-packages/transformers/models/zoedepth/image_processing_zoedepth.py", line 43, in <module>
    from torchvision.transforms.v2 import functional as tvF
ModuleNotFoundError: No module named 'torchvision'
Building FAISS index for 800 items...
  Stopping...
